timestamp,seconds_elapsed,cash,map,faction,life
2026-09-19T20:51:04,0.0,0,Europe,alpha,1
2026-09-19T20:51:06,2.0,0,Europe,alpha,1
2026-09-19T20:51:08,4.0,0,Europe,alpha,1
2026-09-19T20:51:10,6.0,0,Europe,alpha,1
2026-09-19T20:51:12,8.0,0,Europe,alpha,1
2026-09-19T20:51:14,10.0,0,Europe,alpha,1
2026-09-19T20:51:16,12.0,0,Europe,alpha,1
2026-09-19T20:51:18,14.0,0,Europe,alpha,1
2026-09-19T20:51:20,16.0,0,Europe,alpha,1
2026-09-19T20:51:22,18.0,0,Europe,alpha,1
2026-09-19T20:51:24,20.0,0,Europe,alpha,1
2026-09-19T20:51:26,22.0,0,Europe,alpha,1
2026-09-19T20:51:28,24.1,0,Europe,alpha,1
2026-09-19T20:51:30,26.1,0,Europe,alpha,1
2026-09-19T20:51:32,28.1,0,Europe,alpha,1
2026-09-19T20:51:34,30.1,0,Europe,alpha,1
2026-09-19T20:51:36,32.1,0,Europe,alpha,1
2026-09-19T20:51:38,34.1,0,Europe,alpha,1
2026-09-19T20:51:40,36.1,0,Europe,alpha,1
2026-09-19T20:51:42,38.1,0,Europe,alpha,1
2026-09-19T20:51:44,40.1,0,Europe,alpha,1
2026-09-19T20:51:46,42.1,-3260,Europe,alpha,1
2026-09-19T20:51:48,44.1,-3260,Europe,alpha,1
2026-09-19T20:51:50,46.1,-3260,Europe,alpha,1
2026-09-19T20:51:52,48.1,-3260,Europe,alpha,1
2026-09-19T20:51:54,50.1,-3260,Europe,alpha,1
2026-09-19T20:51:56,52.1,-3260,Europe,alpha,1
2026-09-19T20:51:58,54.1,-3260,Europe,alpha,1
2026-09-19T20:52:00,56.1,-3260,Europe,alpha,1
2026-09-19T20:52:02,58.1,-3260,Europe,alpha,1
2026-09-19T20:52:04,60.1,-3260,Europe,alpha,1
2026-09-19T20:52:06,62.1,-3260,Europe,alpha,1
2026-09-19T20:52:08,64.1,-3260,Europe,alpha,1
2026-09-19T20:52:10,66.1,-3260,Europe,alpha,1
2026-09-19T20:52:12,68.1,-3260,Europe,alpha,1
2026-09-19T20:52:14,70.1,-3260,Europe,alpha,1
2026-09-19T20:52:16,72.1,-3260,Europe,alpha,1
2026-09-19T20:52:18,74.1,-3260,Europe,alpha,1
2026-09-19T20:52:20,76.1,-3260,Europe,alpha,1
2026-09-19T20:52:22,78.1,-3260,Europe,alpha,1
2026-09-19T20:52:24,80.1,-3260,Europe,alpha,1
2026-09-19T20:52:26,82.1,-3260,Europe,alpha,1
2026-09-19T20:52:28,84.1,-3260,Europe,alpha,1
2026-09-19T20:52:30,86.1,-3260,Europe,alpha,1
2026-09-19T20:52:32,88.1,-3260,Europe,alpha,1
2026-09-19T20:52:34,90.1,-3260,Europe,alpha,1
2026-09-19T20:52:36,92.1,-3260,Europe,alpha,1
2026-09-19T20:52:38,94.1,-3260,Europe,alpha,1
2026-09-19T20:52:40,96.1,-3260,Europe,alpha,1
2026-09-19T20:52:42,98.1,-3260,Europe,alpha,1
2026-09-19T20:52:44,100.1,-3260,Europe,alpha,1
2026-09-19T20:52:46,102.1,-3260,Europe,alpha,1
2026-09-19T20:52:48,104.1,-3260,Europe,alpha,1
2026-09-19T20:52:50,106.1,-3260,Europe,alpha,1
2026-09-19T20:52:52,108.1,-3260,Europe,alpha,1
2026-09-19T20:52:54,110.2,-3260,Europe,alpha,1
2026-09-19T20:52:56,112.2,-3260,Europe,alpha,1
2026-09-19T20:52:58,114.2,-3260,Europe,alpha,1
2026-09-19T20:53:00,116.2,-3260,Europe,alpha,1
2026-09-19T20:53:02,118.2,-3260,Europe,alpha,1
2026-09-19T20:53:04,120.2,-3260,Europe,alpha,1
2026-09-19T20:53:06,122.2,-3010,Europe,alpha,1
2026-09-19T20:53:08,124.2,-3010,Europe,alpha,1
2026-09-19T20:53:10,126.2,-3010,Europe,alpha,1
2026-09-19T20:53:12,128.2,-3010,Europe,alpha,1
2026-09-19T20:53:14,130.2,-3010,Europe,alpha,1
2026-09-19T20:53:16,132.2,-3010,Europe,alpha,1
2026-09-19T20:53:18,134.2,-3010,Europe,alpha,1
2026-09-19T20:53:20,136.2,-3010,Europe,alpha,1
2026-09-19T20:53:22,138.2,-2850,Europe,alpha,1
2026-09-19T20:53:24,140.2,-2850,Europe,alpha,1
2026-09-19T20:53:26,142.2,-2850,Europe,alpha,1
2026-09-19T20:53:28,144.2,-2850,Europe,alpha,1
2026-09-19T20:53:30,146.2,-2850,Europe,alpha,1
2026-09-19T20:53:32,148.2,-2850,Europe,alpha,1
2026-09-19T20:53:34,150.2,-2850,Europe,alpha,1
2026-09-19T20:53:36,152.2,-2850,Europe,alpha,1
2026-09-19T20:53:38,154.2,-2850,Europe,alpha,1
2026-09-19T20:53:40,156.2,-2850,Europe,alpha,1
2026-09-19T20:53:42,158.2,-2850,Europe,alpha,1
2026-09-19T20:53:44,160.2,-2850,Europe,alpha,1
2026-09-19T20:53:46,162.2,-2690,Europe,alpha,1
2026-09-19T20:53:48,164.2,-2690,Europe,alpha,1
2026-09-19T20:53:50,166.2,-2690,Europe,alpha,1
2026-09-19T20:53:52,168.2,-2690,Europe,alpha,1
2026-09-19T20:53:54,170.2,-2690,Europe,alpha,1
2026-09-19T20:53:56,172.2,-2690,Europe,alpha,1
2026-09-19T20:53:58,174.2,-2690,Europe,alpha,1
2026-09-19T20:54:00,176.2,-2690,Europe,alpha,1
2026-09-19T20:54:02,178.2,-2690,Europe,alpha,1
2026-09-19T20:54:04,180.2,-2690,Europe,alpha,1
2026-09-19T20:54:06,182.2,-2690,Europe,alpha,1
2026-09-19T20:54:08,184.2,-2690,Europe,alpha,1
2026-09-19T20:54:10,186.2,-2690,Europe,alpha,1
2026-09-19T20:54:12,188.2,-2530,Europe,alpha,1
2026-09-19T20:54:14,190.2,-2530,Europe,alpha,1
2026-09-19T20:54:16,192.2,-1030,Europe,alpha,1
2026-09-19T20:54:18,194.2,-1030,Europe,alpha,1
2026-09-19T20:54:20,196.2,-1030,Europe,alpha,1
2026-09-19T20:54:22,198.3,-1030,Europe,alpha,1
2026-09-19T20:54:24,200.3,-1030,Europe,alpha,1
2026-09-19T20:54:26,202.3,-1030,Europe,alpha,1
2026-09-19T20:54:28,204.3,-1030,Europe,alpha,1
2026-09-19T20:54:30,206.3,-1030,Europe,alpha,1
2026-09-19T20:54:32,208.3,-1030,Europe,alpha,1
2026-09-19T20:54:34,210.3,-1030,Europe,alpha,1
2026-09-19T20:54:36,212.3,-1030,Europe,alpha,1
2026-09-19T20:54:39,214.3,-1030,Europe,alpha,1
2026-09-19T20:54:41,216.3,-1030,Europe,alpha,1
2026-09-19T20:54:43,218.3,-1030,Europe,alpha,1
2026-09-19T20:54:45,220.3,-1030,Europe,alpha,1
2026-09-19T20:54:47,222.3,-1030,Europe,alpha,1
2026-09-19T20:54:49,224.3,-1030,Europe,alpha,1
2026-09-19T20:54:51,226.3,-1030,Europe,alpha,1
2026-09-19T20:54:53,228.3,-1030,Europe,alpha,1
2026-09-19T20:54:55,230.3,-1030,Europe,alpha,1
2026-09-19T20:54:57,232.3,-1030,Europe,alpha,1
2026-09-19T20:54:59,234.3,-1030,Europe,alpha,1
2026-09-19T20:55:01,236.3,-1030,Europe,alpha,1
2026-09-19T20:55:03,238.3,-1030,Europe,alpha,1
2026-09-19T20:55:05,240.3,-1030,Europe,alpha,1
2026-09-19T20:55:07,242.3,-1030,Europe,alpha,1
2026-09-19T20:55:09,244.3,-1030,Europe,alpha,1
2026-09-19T20:55:11,246.3,-1030,Europe,alpha,1
2026-09-19T20:55:13,248.3,-1030,Europe,alpha,2
2026-09-19T20:55:15,250.3,-1030,Europe,alpha,2
2026-09-19T20:55:17,252.3,-1030,Europe,alpha,2
2026-09-19T20:55:19,254.3,-1030,Europe,alpha,2
2026-09-19T20:55:21,256.3,-1030,Europe,alpha,2
2026-09-19T20:55:23,258.3,-1030,Europe,alpha,2
2026-09-19T20:55:25,260.3,-1030,Europe,alpha,2
2026-09-19T20:55:27,262.3,-1030,Europe,alpha,2
2026-09-19T20:55:29,264.3,-1030,Europe,alpha,2
2026-09-19T20:55:31,266.3,-1030,Europe,alpha,2
2026-09-19T20:55:33,268.3,-1030,Europe,alpha,2
2026-09-19T20:55:35,270.3,-1030,Europe,alpha,2
2026-09-19T20:55:37,272.4,-1030,Europe,alpha,2
2026-09-19T20:55:39,274.4,-1030,Europe,alpha,2
2026-09-19T20:55:41,276.4,-1030,Europe,alpha,2
2026-09-19T20:55:43,278.4,-1030,Europe,alpha,2
2026-09-19T20:55:45,280.4,-1030,Europe,alpha,2
2026-09-19T20:55:47,282.4,-4690,Europe,alpha,2
2026-09-19T20:55:49,284.4,-4690,Europe,alpha,2
2026-09-19T20:55:51,286.4,-4690,Europe,alpha,2
2026-09-19T20:55:53,288.4,-4690,Europe,alpha,2
2026-09-19T20:55:55,290.4,-4690,Europe,alpha,2
2026-09-19T20:55:57,292.4,-4690,Europe,alpha,2
2026-09-19T20:55:59,294.4,-4690,Europe,alpha,2
2026-09-19T20:56:01,296.4,-4690,Europe,alpha,2
2026-09-19T20:56:03,298.4,-4690,Europe,alpha,2
2026-09-19T20:56:05,300.4,-4690,Europe,alpha,2
2026-09-19T20:56:07,302.4,-4690,Europe,alpha,2
2026-09-19T20:56:09,304.4,-4690,Europe,alpha,2
2026-09-19T20:56:11,306.4,-4690,Europe,alpha,2
2026-09-19T20:56:13,308.4,-4690,Europe,alpha,2
2026-09-19T20:56:15,310.4,-4690,Europe,alpha,2
2026-09-19T20:56:17,312.4,-4690,Europe,alpha,2
2026-09-19T20:56:19,314.4,-4690,Europe,alpha,2
2026-09-19T20:56:21,316.4,-4690,Europe,alpha,2
2026-09-19T20:56:23,318.4,-4690,Europe,alpha,2
2026-09-19T20:56:25,320.4,-4690,Europe,alpha,2
2026-09-19T20:56:27,322.4,-4690,Europe,alpha,2
2026-09-19T20:56:29,324.4,-4690,Europe,alpha,2
2026-09-19T20:56:31,326.4,-4690,Europe,alpha,2
2026-09-19T20:56:33,328.4,-4690,Europe,alpha,2
2026-09-19T20:56:35,330.4,-4690,Europe,alpha,2
2026-09-19T20:56:37,332.4,-4690,Europe,alpha,2
2026-09-19T20:56:39,334.4,-4690,Europe,alpha,2
2026-09-19T20:56:41,336.4,-4690,Europe,alpha,2
2026-09-19T20:56:43,338.4,-4690,Europe,alpha,2
2026-09-19T20:56:45,340.4,-4690,Europe,alpha,2
2026-09-19T20:56:47,342.4,-4690,Europe,alpha,2
2026-09-19T20:56:49,344.4,-4690,Europe,alpha,2
2026-09-19T20:56:51,346.4,-4690,Europe,alpha,2
2026-09-19T20:56:53,348.4,-4690,Europe,alpha,2
2026-09-19T20:56:55,350.4,-4690,Europe,alpha,2
2026-09-19T20:56:57,352.4,-4690,Europe,alpha,2
2026-09-19T20:56:59,354.4,-4690,Europe,alpha,2
2026-09-19T20:57:01,356.4,-4690,Europe,alpha,2
2026-09-19T20:57:03,358.5,-4690,Europe,alpha,2
2026-09-19T20:57:05,360.5,-4690,Europe,alpha,2
2026-09-19T20:57:07,362.5,-4690,Europe,alpha,2
2026-09-19T20:57:09,364.5,-4690,Europe,alpha,2
2026-09-19T20:57:11,366.5,-4690,Europe,alpha,2
2026-09-19T20:57:13,368.5,-4690,Europe,alpha,2
2026-09-19T20:57:15,370.5,-4690,Europe,alpha,2
2026-09-19T20:57:17,372.5,-4690,Europe,alpha,2
2026-09-19T20:57:19,374.5,-4690,Europe,alpha,2
2026-09-19T20:57:21,376.5,-4690,Europe,alpha,2
2026-09-19T20:57:23,378.5,-4690,Europe,alpha,2
2026-09-19T20:57:25,380.5,-4690,Europe,alpha,2
2026-09-19T20:57:27,382.5,-4440,Europe,alpha,2
2026-09-19T20:57:29,384.5,-4440,Europe,alpha,2
2026-09-19T20:57:31,386.5,-4440,Europe,alpha,2
2026-09-19T20:57:33,388.5,-4440,Europe,alpha,2
2026-09-19T20:57:35,390.5,-4440,Europe,alpha,2
2026-09-19T20:57:37,392.5,-4530,Europe,alpha,2
2026-09-19T20:57:39,394.5,-4530,Europe,alpha,2
2026-09-19T20:57:41,396.5,-4530,Europe,alpha,2
2026-09-19T20:57:43,398.5,-4530,Europe,alpha,2
2026-09-19T20:57:45,400.5,-4530,Europe,alpha,2
2026-09-19T20:57:47,402.5,-4530,Europe,alpha,2
2026-09-19T20:57:49,404.5,-4530,Europe,alpha,2
2026-09-19T20:57:51,406.5,-4530,Europe,alpha,2
2026-09-19T20:57:53,408.5,-4530,Europe,alpha,2
2026-09-19T20:57:55,410.5,-4530,Europe,alpha,2
2026-09-19T20:57:57,412.5,-4530,Europe,alpha,2
2026-09-19T20:57:59,414.5,-4530,Europe,alpha,2
2026-09-19T20:58:01,416.5,-4530,Europe,alpha,2
2026-09-19T20:58:03,418.5,-4530,Europe,alpha,2
2026-09-19T20:58:05,420.5,-4530,Europe,alpha,3
2026-09-19T20:58:07,422.5,-4530,Europe,alpha,3
2026-09-19T20:58:09,424.5,-4530,Europe,alpha,3
2026-09-19T20:58:11,426.5,-4530,Europe,alpha,3
2026-09-19T20:58:13,428.5,-4530,Europe,alpha,3
2026-09-19T20:58:15,430.5,-4530,Europe,alpha,3
2026-09-19T20:58:17,432.5,-4920,Europe,alpha,3
2026-09-19T20:58:19,434.6,-4920,Europe,alpha,3
2026-09-19T20:58:21,436.6,-4920,Europe,alpha,3
2026-09-19T20:58:23,438.6,-4920,Europe,alpha,3
2026-09-19T20:58:25,440.6,-4920,Europe,alpha,3
2026-09-19T20:58:27,442.6,-4920,Europe,alpha,3
2026-09-19T20:58:29,444.6,-4920,Europe,alpha,3
2026-09-19T20:58:31,446.6,-4920,Europe,alpha,3
2026-09-19T20:58:33,448.6,-4920,Europe,alpha,3
2026-09-19T20:58:35,450.6,-4920,Europe,alpha,3
2026-09-19T20:58:37,452.6,-4920,Europe,alpha,3
2026-09-19T20:58:39,454.6,-4920,Europe,alpha,3
2026-09-19T20:58:41,456.6,-4920,Europe,alpha,3
2026-09-19T20:58:43,458.6,-4920,Europe,alpha,3
2026-09-19T20:58:45,460.6,-4920,Europe,alpha,3
2026-09-19T20:58:47,462.6,-4920,Europe,alpha,3
2026-09-19T20:58:49,464.6,-4920,Europe,alpha,3
2026-09-19T20:58:51,466.6,-4920,Europe,alpha,3
2026-09-19T20:58:53,468.6,-4920,Europe,alpha,3
2026-09-19T20:58:55,470.6,-4920,Europe,alpha,3
2026-09-19T20:58:57,472.6,-4920,Europe,alpha,3
2026-09-19T20:58:59,474.6,-4920,Europe,alpha,3
2026-09-19T20:59:01,476.6,-4920,Europe,alpha,3
2026-09-19T20:59:03,478.6,-4920,Europe,alpha,3
2026-09-19T20:59:05,480.6,-4920,Europe,alpha,3
2026-09-19T20:59:07,482.6,-4920,Europe,alpha,3
2026-09-19T20:59:09,484.6,-4920,Europe,alpha,3
2026-09-19T20:59:11,486.6,-4920,Europe,alpha,3
2026-09-19T20:59:13,488.6,-4920,Europe,alpha,3
2026-09-19T20:59:15,490.6,-4920,Europe,alpha,3
2026-09-19T20:59:17,492.6,-4920,Europe,alpha,3
2026-09-19T20:59:19,494.6,-4920,Europe,alpha,3
2026-09-19T20:59:21,496.6,-4920,Europe,alpha,3
2026-09-19T20:59:23,498.6,-4920,Europe,alpha,3
2026-09-19T20:59:25,500.6,-4920,Europe,alpha,3
2026-09-19T20:59:27,502.6,-4920,Europe,alpha,3
2026-09-19T20:59:29,504.6,-4920,Europe,alpha,3
2026-09-19T20:59:31,506.6,-4920,Europe,alpha,3
2026-09-19T20:59:33,508.6,-4920,Europe,alpha,3
2026-09-19T20:59:35,510.6,-4920,Europe,alpha,3
2026-09-19T20:59:37,512.6,-4920,Europe,alpha,3
2026-09-19T20:59:39,514.6,-4920,Europe,alpha,3
2026-09-19T20:59:41,516.6,-4920,Europe,alpha,3
2026-09-19T20:59:43,518.6,-4920,Europe,alpha,3
2026-09-19T20:59:45,520.6,-4920,Europe,alpha,3
2026-09-19T20:59:47,522.6,-4920,Europe,alpha,3
2026-09-19T20:59:49,524.6,-4920,Europe,alpha,3
2026-09-19T20:59:51,526.7,-4920,Europe,alpha,3
2026-09-19T20:59:53,528.7,-4920,Europe,alpha,3
2026-09-19T20:59:55,530.7,-4920,Europe,alpha,3
2026-09-19T20:59:57,532.7,-4920,Europe,alpha,3
2026-09-19T20:59:59,534.7,-4920,Europe,alpha,3
2026-09-19T21:00:01,536.7,-4920,Europe,alpha,3
2026-09-19T21:00:03,538.7,-4920,Europe,alpha,3
2026-09-19T21:00:05,540.7,-4920,Europe,alpha,3
2026-09-19T21:00:07,542.7,-4920,Europe,alpha,3
2026-09-19T21:00:09,544.7,-4920,Europe,alpha,3
2026-09-19T21:00:11,546.7,-4920,Europe,alpha,3
2026-09-19T21:00:13,548.7,-4920,Europe,alpha,3
2026-09-19T21:00:15,550.7,-4920,Europe,alpha,3
2026-09-19T21:00:17,552.7,-4920,Europe,alpha,3
2026-09-19T21:00:19,554.7,-4920,Europe,alpha,3
2026-09-19T21:00:21,556.7,-4920,Europe,alpha,3
2026-09-19T21:00:23,558.7,-4920,Europe,alpha,3
2026-09-19T21:00:25,560.7,-4920,Europe,alpha,3
2026-09-19T21:00:27,562.7,-4920,Europe,alpha,3
2026-09-19T21:00:29,564.7,-4920,Europe,alpha,3
2026-09-19T21:00:31,566.7,-4920,Europe,alpha,3
2026-09-19T21:00:33,568.7,-4920,Europe,alpha,3
2026-09-19T21:00:35,570.7,-4920,Europe,alpha,3
2026-09-19T21:00:37,572.7,-4920,Europe,alpha,3
2026-09-19T21:00:39,574.7,-4920,Europe,alpha,3
2026-09-19T21:00:41,576.7,-4920,Europe,alpha,3
2026-09-19T21:00:43,578.7,-4920,Europe,alpha,3
2026-09-19T21:00:45,580.7,-4920,Europe,alpha,3
2026-09-19T21:00:47,582.7,-4670,Europe,alpha,3
2026-09-19T21:00:49,584.7,-4670,Europe,alpha,3
2026-09-19T21:00:51,586.7,-4670,Europe,alpha,3
2026-09-19T21:00:53,588.7,-4705,Europe,alpha,3
2026-09-19T21:00:55,590.7,-4705,Europe,alpha,3
2026-09-19T21:00:57,592.7,-4545,Europe,alpha,3
2026-09-19T21:00:59,594.7,-4545,Europe,alpha,3
2026-09-19T21:01:01,596.7,-4545,Europe,alpha,3
2026-09-19T21:01:03,598.7,-4545,Europe,alpha,3
2026-09-19T21:01:05,600.7,-4545,Europe,alpha,3
2026-09-19T21:01:07,602.7,-4545,Europe,alpha,3
2026-09-19T21:01:09,604.7,-4545,Europe,alpha,3
2026-09-19T21:01:11,606.7,-4545,Europe,alpha,3
2026-09-19T21:01:13,608.7,-4545,Europe,alpha,3
2026-09-19T21:01:15,610.8,-4545,Europe,alpha,3
2026-09-19T21:01:17,612.8,-4545,Europe,alpha,3
2026-09-19T21:01:19,614.8,-4545,Europe,alpha,3
2026-09-19T21:01:21,616.8,-4545,Europe,alpha,3
2026-09-19T21:01:23,618.8,-4385,Europe,alpha,3
2026-09-19T21:01:25,620.8,-4385,Europe,alpha,3
2026-09-19T21:01:27,622.8,-4385,Europe,alpha,3
2026-09-19T21:01:29,624.8,-4385,Europe,alpha,3
2026-09-19T21:01:31,626.8,-4385,Europe,alpha,3
2026-09-19T21:01:33,628.8,-4385,Europe,alpha,3
2026-09-19T21:01:35,630.8,-4385,Europe,alpha,3
2026-09-19T21:01:37,632.8,-4385,Europe,alpha,3
2026-09-19T21:01:39,634.8,-4385,Europe,alpha,3
2026-09-19T21:01:41,636.8,-4385,Europe,alpha,3
2026-09-19T21:01:43,638.8,-4385,Europe,alpha,3
2026-09-19T21:01:45,640.8,-4385,Europe,alpha,3
2026-09-19T21:01:47,642.8,-4385,Europe,alpha,3
2026-09-19T21:01:49,644.8,-4385,Europe,alpha,3
2026-09-19T21:01:51,646.8,-4385,Europe,alpha,3
2026-09-19T21:01:53,648.8,-4385,Europe,alpha,3
2026-09-19T21:01:55,650.8,-4385,Europe,alpha,3
2026-09-19T21:01:57,652.8,-4385,Europe,alpha,3
2026-09-19T21:01:59,654.8,-4385,Europe,alpha,3
2026-09-19T21:02:01,656.8,-4385,Europe,alpha,3
2026-09-19T21:02:03,658.8,-4385,Europe,alpha,3
2026-09-19T21:02:05,660.8,-4385,Europe,alpha,3
2026-09-19T21:02:07,662.8,-4385,Europe,alpha,3
2026-09-19T21:02:09,664.8,-4385,Europe,alpha,3
2026-09-19T21:02:11,666.8,-4385,Europe,alpha,3
2026-09-19T21:02:13,668.8,-4385,Europe,alpha,3
2026-09-19T21:02:15,670.8,-4385,Europe,alpha,3
2026-09-19T21:02:17,672.8,-4385,Europe,alpha,3
2026-09-19T21:02:19,674.8,-4385,Europe,alpha,3
2026-09-19T21:02:21,676.8,-4385,Europe,alpha,3
2026-09-19T21:02:23,678.8,-4385,Europe,alpha,3
2026-09-19T21:02:25,680.8,-4385,Europe,alpha,3
2026-09-19T21:02:27,682.8,-4385,Europe,alpha,3
2026-09-19T21:02:29,684.8,-4385,Europe,alpha,3
2026-09-19T21:02:31,686.8,-4385,Europe,alpha,3
2026-09-19T21:02:33,688.9,-4385,Europe,alpha,3
2026-09-19T21:02:35,690.9,-4385,Europe,alpha,3
2026-09-19T21:02:37,692.9,-4385,Europe,alpha,3
2026-09-19T21:02:39,694.9,-4385,Europe,alpha,3
2026-09-19T21:02:41,696.9,-4385,Europe,alpha,3
2026-09-19T21:02:43,698.9,-4385,Europe,alpha,3
2026-09-19T21:02:45,700.9,-4385,Europe,alpha,3
2026-09-19T21:02:47,702.9,-4385,Europe,alpha,3
2026-09-19T21:02:49,704.9,-4385,Europe,alpha,3
2026-09-19T21:02:51,706.9,-4385,Europe,alpha,3
2026-09-19T21:02:53,708.9,-4385,Europe,alpha,3
2026-09-19T21:02:55,710.9,-4385,Europe,alpha,3
2026-09-19T21:02:57,712.9,-4225,Europe,alpha,3
2026-09-19T21:02:59,714.9,-4225,Europe,alpha,3
2026-09-19T21:03:01,716.9,-4225,Europe,alpha,3
2026-09-19T21:03:03,718.9,-4225,Europe,alpha,3
2026-09-19T21:03:05,720.9,-4225,Europe,alpha,3
2026-09-19T21:03:07,722.9,-4225,Europe,alpha,3
2026-09-19T21:03:09,724.9,-4225,Europe,alpha,3
2026-09-19T21:03:11,726.9,-4225,Europe,alpha,3
2026-09-19T21:03:13,728.9,-4225,Europe,alpha,3
2026-09-19T21:03:15,730.9,-4225,Europe,alpha,3
2026-09-19T21:03:17,732.9,-4225,Europe,alpha,3
2026-09-19T21:03:19,734.9,-4225,Europe,alpha,3
2026-09-19T21:03:21,736.9,-4225,Europe,alpha,3
2026-09-19T21:03:23,738.9,-4065,Europe,alpha,3
2026-09-19T21:03:25,740.9,-4065,Europe,alpha,3
2026-09-19T21:03:27,742.9,-4065,Europe,alpha,3
2026-09-19T21:03:29,744.9,-4065,Europe,alpha,3
2026-09-19T21:03:31,746.9,-4065,Europe,alpha,3
2026-09-19T21:03:33,748.9,-4065,Europe,alpha,3
2026-09-19T21:03:35,750.9,-4065,Europe,alpha,3
2026-09-19T21:03:37,752.9,-4065,Europe,alpha,3
2026-09-19T21:03:39,754.9,-4065,Europe,alpha,3
2026-09-19T21:03:41,756.9,-4065,Europe,alpha,3
2026-09-19T21:03:43,758.9,-4065,Europe,alpha,3
2026-09-19T21:03:45,760.9,-4065,Europe,alpha,3
2026-09-19T21:03:47,762.9,-3905,Europe,alpha,3
2026-09-19T21:03:49,764.9,-3905,Europe,alpha,3
2026-09-19T21:03:51,766.9,-3905,Europe,alpha,3
2026-09-19T21:03:53,768.9,-3905,Europe,alpha,3
2026-09-19T21:03:55,770.9,-3905,Europe,alpha,3
2026-09-19T21:03:57,772.9,-3905,Europe,alpha,3
2026-09-19T21:03:59,774.9,-3905,Europe,alpha,3
2026-09-19T21:04:01,777.0,-3905,Europe,alpha,3
2026-09-19T21:04:03,779.0,-3905,Europe,alpha,3
2026-09-19T21:04:05,781.0,-3905,Europe,alpha,3
2026-09-19T21:04:07,783.0,-3905,Europe,alpha,3
2026-09-19T21:04:09,785.0,-3905,Europe,alpha,3
2026-09-19T21:04:11,787.0,-3905,Europe,alpha,3
2026-09-19T21:04:13,789.0,-3745,Europe,alpha,3
2026-09-19T21:04:15,791.0,-3745,Europe,alpha,3
2026-09-19T21:04:17,793.0,-3745,Europe,alpha,3
2026-09-19T21:04:19,795.0,-3745,Europe,alpha,3
2026-09-19T21:04:21,797.0,-3745,Europe,alpha,3
2026-09-19T21:04:23,799.0,-3745,Europe,alpha,3
2026-09-19T21:04:25,801.0,-3745,Europe,alpha,3
2026-09-19T21:04:27,803.0,-3745,Europe,alpha,3
2026-09-19T21:04:29,805.0,-3745,Europe,alpha,3
2026-09-19T21:04:31,807.0,-3745,Europe,alpha,3
2026-09-19T21:04:33,809.0,-3745,Europe,alpha,3
2026-09-19T21:04:35,811.0,-3745,Europe,alpha,3
2026-09-19T21:04:37,813.0,-3585,Europe,alpha,3
2026-09-19T21:04:39,815.0,-3585,Europe,alpha,3
2026-09-19T21:04:41,817.0,-3585,Europe,alpha,3
2026-09-19T21:04:43,819.0,-3585,Europe,alpha,3
2026-09-19T21:04:45,821.0,-3585,Europe,alpha,3
2026-09-19T21:04:47,823.0,-3585,Europe,alpha,3
2026-09-19T21:04:49,825.0,-3585,Europe,alpha,3
2026-09-19T21:04:51,827.0,-3585,Europe,alpha,3
2026-09-19T21:04:53,829.0,-3585,Europe,alpha,3
2026-09-19T21:04:55,831.0,-3585,Europe,alpha,3
2026-09-19T21:04:57,833.0,-3425,Europe,alpha,3
2026-09-19T21:04:59,835.0,-3425,Europe,alpha,3
2026-09-19T21:05:01,837.0,-3425,Europe,alpha,3
2026-09-19T21:05:03,839.0,-3425,Europe,alpha,3
2026-09-19T21:05:05,841.0,-3425,Europe,alpha,3
2026-09-19T21:05:07,843.0,-3425,Europe,alpha,3
2026-09-19T21:05:09,845.0,-3425,Europe,alpha,3
2026-09-19T21:05:11,847.0,-3425,Europe,alpha,3
2026-09-19T21:05:13,849.0,-3425,Europe,alpha,3
2026-09-19T21:05:15,851.0,-3425,Europe,alpha,3
2026-09-19T21:05:17,853.0,-3425,Europe,alpha,3
2026-09-19T21:05:19,855.0,-3425,Europe,alpha,3
2026-09-19T21:05:21,857.0,-3425,Europe,alpha,3
2026-09-19T21:05:23,859.0,-3265,Europe,alpha,3
2026-09-19T21:05:25,861.0,-3265,Europe,alpha,3
2026-09-19T21:05:27,863.1,-3265,Europe,alpha,3
2026-09-19T21:05:29,865.1,-3265,Europe,alpha,3
2026-09-19T21:05:31,867.1,-3265,Europe,alpha,3
2026-09-19T21:05:33,869.1,-3265,Europe,alpha,3
2026-09-19T21:05:35,871.1,-3265,Europe,alpha,3
2026-09-19T21:05:37,873.1,-3265,Europe,alpha,3
2026-09-19T21:05:39,875.1,-3265,Europe,alpha,3
2026-09-19T21:05:41,877.1,-3265,Europe,alpha,3
2026-09-19T21:05:43,879.1,-3265,Europe,alpha,3
2026-09-19T21:05:45,881.1,-3265,Europe,alpha,3
2026-09-19T21:05:47,883.1,-3105,Europe,alpha,3
2026-09-19T21:05:49,885.1,-3105,Europe,alpha,3
2026-09-19T21:05:51,887.1,-3105,Europe,alpha,3
2026-09-19T21:05:53,889.1,-3105,Europe,alpha,3
2026-09-19T21:05:55,891.1,-3105,Europe,alpha,3
2026-09-19T21:05:57,893.1,-3105,Europe,alpha,3
2026-09-19T21:05:59,895.1,-3105,Europe,alpha,3
2026-09-19T21:06:01,897.1,-3105,Europe,alpha,3
2026-09-19T21:06:03,899.1,-3105,Europe,alpha,3
2026-09-19T21:06:05,901.1,-3105,Europe,alpha,3
2026-09-19T21:06:07,903.1,-3105,Europe,alpha,3
2026-09-19T21:06:09,905.1,-3105,Europe,alpha,3
2026-09-19T21:06:11,907.1,-3105,Europe,alpha,3
2026-09-19T21:06:13,909.1,-855,Europe,alpha,3
2026-09-19T21:06:15,911.1,-855,Europe,alpha,3
2026-09-19T21:06:17,913.1,-855,Europe,alpha,3
2026-09-19T21:06:19,915.1,-855,Europe,alpha,3
2026-09-19T21:06:21,917.1,-855,Europe,alpha,3
2026-09-19T21:06:23,919.1,-855,Europe,alpha,3
2026-09-19T21:06:25,921.1,-855,Europe,alpha,4
2026-09-19T21:06:27,923.1,-855,Europe,alpha,4
2026-09-19T21:06:29,925.1,-855,Europe,alpha,4
2026-09-19T21:06:31,927.1,-855,Europe,alpha,4
2026-09-19T21:06:33,929.1,-855,Europe,alpha,4
2026-09-19T21:06:35,931.1,-855,Europe,alpha,4
2026-09-19T21:06:37,933.1,-855,Europe,alpha,4
2026-09-19T21:06:39,935.1,-855,Europe,alpha,4
2026-09-19T21:06:41,937.1,-855,Europe,alpha,4
2026-09-19T21:06:43,939.1,-855,Europe,alpha,4
2026-09-19T21:06:45,941.2,-855,Europe,alpha,4
2026-09-19T21:06:47,943.2,-855,Europe,alpha,4
2026-09-19T21:06:49,945.2,-855,Europe,alpha,4
2026-09-19T21:06:51,947.2,-855,Europe,alpha,4
2026-09-19T21:06:53,949.2,-855,Europe,alpha,4
2026-09-19T21:06:55,951.2,-855,Europe,alpha,4
2026-09-19T21:06:57,953.2,-855,Europe,alpha,4
2026-09-19T21:06:59,955.2,-855,Europe,alpha,4
2026-09-19T21:07:01,957.2,-855,Europe,alpha,4
2026-09-19T21:07:03,959.2,-855,Europe,alpha,4
2026-09-19T21:07:05,961.2,-855,Europe,alpha,4
2026-09-19T21:07:07,963.2,-855,Europe,alpha,4
2026-09-19T21:07:09,965.2,-855,Europe,alpha,4
2026-09-19T21:07:11,967.2,-855,Europe,alpha,4
2026-09-19T21:07:13,969.2,-855,Europe,alpha,4
2026-09-19T21:07:15,971.2,-855,Europe,alpha,4
2026-09-19T21:07:17,973.2,-855,Europe,alpha,4
2026-09-19T21:07:19,975.2,-855,Europe,alpha,4
2026-09-19T21:07:21,977.2,-855,Europe,alpha,4
2026-09-19T21:07:23,979.2,-855,Europe,alpha,4
2026-09-19T21:07:25,981.2,-855,Europe,alpha,4
2026-09-19T21:07:27,983.2,-855,Europe,alpha,4
2026-09-19T21:07:29,985.2,-855,Europe,alpha,4
2026-09-19T21:07:31,987.2,-855,Europe,alpha,4
2026-09-19T21:07:33,989.2,-855,Europe,alpha,4
2026-09-19T21:07:35,991.2,-855,Europe,alpha,4
2026-09-19T21:07:37,993.2,-855,Europe,alpha,4
2026-09-19T21:07:39,995.2,-855,Europe,alpha,4
2026-09-19T21:07:41,997.2,-855,Europe,alpha,4
2026-09-19T21:07:43,999.2,-855,Europe,alpha,4
2026-09-19T21:07:45,1001.2,-855,Europe,alpha,4
2026-09-19T21:07:47,1003.2,-855,Europe,alpha,4
2026-09-19T21:07:49,1005.2,-855,Europe,alpha,4
2026-09-19T21:07:51,1007.2,-855,Europe,alpha,4
2026-09-19T21:07:53,1009.2,-855,Europe,alpha,4
2026-09-19T21:07:55,1011.2,-855,Europe,alpha,4
2026-09-19T21:07:57,1013.2,-855,Europe,alpha,4
2026-09-19T21:07:59,1015.2,-855,Europe,alpha,4
2026-09-19T21:08:01,1017.2,-855,Europe,alpha,4
2026-09-19T21:08:03,1019.2,-855,Europe,alpha,4
2026-09-19T21:08:05,1021.2,-855,Europe,alpha,4
2026-09-19T21:08:07,1023.2,-855,Europe,alpha,4
2026-09-19T21:08:09,1025.2,-855,Europe,alpha,4
2026-09-19T21:08:11,1027.2,-855,Europe,alpha,4
2026-09-19T21:08:13,1029.2,-855,Europe,alpha,4
2026-09-19T21:08:15,1031.3,-855,Europe,alpha,4
2026-09-19T21:08:17,1033.3,-855,Europe,alpha,4
2026-09-19T21:08:19,1035.3,-855,Europe,alpha,4
2026-09-19T21:08:21,1037.3,-855,Europe,alpha,4
2026-09-19T21:08:23,1039.3,-855,Europe,alpha,4
2026-09-19T21:08:25,1041.3,-855,Europe,alpha,4
2026-09-19T21:08:27,1043.3,-4115,Europe,alpha,4
2026-09-19T21:08:30,1045.3,-4115,Europe,alpha,4
2026-09-19T21:08:32,1047.3,-4115,Europe,alpha,4
2026-09-19T21:08:34,1049.3,-4115,Europe,alpha,4
2026-09-19T21:08:36,1051.3,-4115,Europe,alpha,4
2026-09-19T21:08:38,1053.3,-4115,Europe,alpha,4
2026-09-19T21:08:40,1055.3,-4115,Europe,alpha,4
2026-09-19T21:08:42,1057.3,-4115,Europe,alpha,4
2026-09-19T21:08:44,1059.3,-4115,Europe,alpha,4
2026-09-19T21:08:46,1061.3,-4115,Europe,alpha,4
2026-09-19T21:08:48,1063.3,-4115,Europe,alpha,4
2026-09-19T21:08:50,1065.3,-4115,Europe,alpha,4
2026-09-19T21:08:52,1067.3,-4115,Europe,alpha,4
2026-09-19T21:08:54,1069.3,-4115,Europe,alpha,4
2026-09-19T21:08:56,1071.3,-4115,Europe,alpha,4
2026-09-19T21:08:58,1073.3,-4115,Europe,alpha,4
2026-09-19T21:09:00,1075.3,-4115,Europe,alpha,4
2026-09-19T21:09:02,1077.3,-4115,Europe,alpha,4
2026-09-19T21:09:04,1079.3,-4115,Europe,alpha,4
2026-09-19T21:09:06,1081.3,-4115,Europe,alpha,4
2026-09-19T21:09:08,1083.3,-4115,Europe,alpha,4
2026-09-19T21:09:10,1085.3,-4115,Europe,alpha,4
2026-09-19T21:09:12,1087.3,-4115,Europe,alpha,4
2026-09-19T21:09:14,1089.3,-4115,Europe,alpha,4
2026-09-19T21:09:16,1091.3,-4115,Europe,alpha,4
2026-09-19T21:09:18,1093.3,-4115,Europe,alpha,4
2026-09-19T21:09:20,1095.3,-4115,Europe,alpha,4
2026-09-19T21:09:22,1097.3,-4115,Europe,alpha,4
2026-09-19T21:09:24,1099.3,-4115,Europe,alpha,4
2026-09-19T21:09:26,1101.3,-4115,Europe,alpha,4
2026-09-19T21:09:28,1103.3,-4115,Europe,alpha,4
2026-09-19T21:09:30,1105.3,-4115,Europe,alpha,4
2026-09-19T21:09:32,1107.3,-4115,Europe,alpha,4
2026-09-19T21:09:34,1109.3,-4115,Europe,alpha,4
2026-09-19T21:09:36,1111.3,-4115,Europe,alpha,4
2026-09-19T21:09:38,1113.4,-4115,Europe,alpha,4
2026-09-19T21:09:40,1115.4,-4115,Europe,alpha,4
2026-09-19T21:09:42,1117.4,-4115,Europe,alpha,4
2026-09-19T21:09:44,1119.4,-4115,Europe,alpha,4
2026-09-19T21:09:46,1121.4,-4115,Europe,alpha,4
2026-09-19T21:09:48,1123.4,-4115,Europe,alpha,4
2026-09-19T21:09:50,1125.4,-4115,Europe,alpha,4
2026-09-19T21:09:52,1127.4,-4115,Europe,alpha,4
2026-09-19T21:09:54,1129.4,-4115,Europe,alpha,4
2026-09-19T21:09:56,1131.4,-4115,Europe,alpha,4
2026-09-19T21:09:58,1133.4,-4115,Europe,alpha,4
2026-09-19T21:10:00,1135.4,-4115,Europe,alpha,4
2026-09-19T21:10:02,1137.4,-4115,Europe,alpha,4
2026-09-19T21:10:04,1139.4,-4115,Europe,alpha,4
2026-09-19T21:10:06,1141.4,-4115,Europe,alpha,4
2026-09-19T21:10:08,1143.4,-4115,Europe,alpha,4
2026-09-19T21:10:10,1145.4,-4115,Europe,alpha,4
2026-09-19T21:10:12,1147.4,-4115,Europe,alpha,4
2026-09-19T21:10:14,1149.4,-4115,Europe,alpha,4
2026-09-19T21:10:16,1151.4,-4115,Europe,alpha,4
2026-09-19T21:10:18,1153.4,-4115,Europe,alpha,4
2026-09-19T21:10:20,1155.4,-4115,Europe,alpha,4
2026-09-19T21:10:22,1157.4,-4115,Europe,alpha,4
2026-09-19T21:10:24,1159.4,-4115,Europe,alpha,4
2026-09-19T21:10:26,1161.4,-4115,Europe,alpha,4
2026-09-19T21:10:28,1163.4,-4115,Europe,alpha,4
2026-09-19T21:10:30,1165.4,-4115,Europe,alpha,4
2026-09-19T21:10:32,1167.4,-4115,Europe,alpha,4
2026-09-19T21:10:34,1169.4,-4115,Europe,alpha,4
2026-09-19T21:10:36,1171.4,-4115,Europe,alpha,4
2026-09-19T21:10:38,1173.4,-4115,Europe,alpha,4
2026-09-19T21:10:40,1175.4,-4115,Europe,alpha,4
2026-09-19T21:10:42,1177.4,-4115,Europe,alpha,4
2026-09-19T21:10:44,1179.4,-4115,Europe,alpha,4
2026-09-19T21:10:46,1181.4,-4115,Europe,alpha,4
2026-09-19T21:10:48,1183.4,-4115,Europe,alpha,4
2026-09-19T21:10:50,1185.4,-4115,Europe,alpha,4
2026-09-19T21:10:52,1187.4,-4115,Europe,alpha,4
2026-09-19T21:10:54,1189.4,-3865,Europe,alpha,4
2026-09-19T21:10:56,1191.4,-3865,Europe,alpha,4
2026-09-19T21:10:58,1193.4,-3705,Europe,alpha,4
2026-09-19T21:11:00,1195.4,-3705,Europe,alpha,4
2026-09-19T21:11:02,1197.5,-3705,Europe,alpha,4
2026-09-19T21:11:04,1199.5,-3705,Europe,alpha,4
2026-09-19T21:11:06,1201.5,-3705,Europe,alpha,4
2026-09-19T21:11:08,1203.5,-3705,Europe,alpha,4
2026-09-19T21:11:10,1205.5,-3705,Europe,alpha,4
2026-09-19T21:11:12,1207.5,-3705,Europe,alpha,4
2026-09-19T21:11:14,1209.5,-3705,Europe,alpha,4
2026-09-19T21:11:16,1211.5,-3705,Europe,alpha,4
2026-09-19T21:11:18,1213.5,-3705,Europe,alpha,4
2026-09-19T21:11:20,1215.5,-3705,Europe,alpha,4
2026-09-19T21:11:22,1217.5,-3705,Europe,alpha,4
2026-09-19T21:11:24,1219.5,-3545,Europe,alpha,4
2026-09-19T21:11:26,1221.5,-3545,Europe,alpha,4
2026-09-19T21:11:28,1223.5,-3545,Europe,alpha,4
2026-09-19T21:11:30,1225.5,-3545,Europe,alpha,4
2026-09-19T21:11:32,1227.5,-3545,Europe,alpha,4
2026-09-19T21:11:34,1229.5,-3545,Europe,alpha,4
2026-09-19T21:11:36,1231.5,-3545,Europe,alpha,4
2026-09-19T21:11:38,1233.5,-3545,Europe,alpha,4
2026-09-19T21:11:40,1235.5,-3545,Europe,alpha,4
2026-09-19T21:11:42,1237.5,-3545,Europe,alpha,4
2026-09-19T21:11:44,1239.5,-3545,Europe,alpha,4
2026-09-19T21:11:46,1241.5,-3545,Europe,alpha,4
2026-09-19T21:11:48,1243.5,-3385,Europe,alpha,4
2026-09-19T21:11:50,1245.5,-3385,Europe,alpha,4
2026-09-19T21:11:52,1247.5,-3385,Europe,alpha,4
2026-09-19T21:11:54,1249.5,-3385,Europe,alpha,4
2026-09-19T21:11:56,1251.5,-3385,Europe,alpha,4
2026-09-19T21:11:58,1253.5,-3385,Europe,alpha,4
2026-09-19T21:12:00,1255.5,-3385,Europe,alpha,4
2026-09-19T21:12:02,1257.5,-3385,Europe,alpha,4
2026-09-19T21:12:04,1259.5,-3385,Europe,alpha,4
2026-09-19T21:12:06,1261.5,-3385,Europe,alpha,4
2026-09-19T21:12:08,1263.5,-3385,Europe,alpha,4
2026-09-19T21:12:10,1265.5,-3385,Europe,alpha,4
2026-09-19T21:12:12,1267.5,-3385,Europe,alpha,4
2026-09-19T21:12:14,1269.5,-3065,Europe,alpha,4
2026-09-19T21:12:16,1271.5,-3065,Europe,alpha,4
2026-09-19T21:12:18,1273.5,-3065,Europe,alpha,4
2026-09-19T21:12:20,1275.5,-3065,Europe,alpha,4
2026-09-19T21:12:22,1277.5,-3065,Europe,alpha,4
2026-09-19T21:12:24,1279.6,-3065,Europe,alpha,4
2026-09-19T21:12:26,1281.6,-3065,Europe,alpha,4
2026-09-19T21:12:28,1283.6,-3065,Europe,alpha,4
2026-09-19T21:12:30,1285.6,-3065,Europe,alpha,4
2026-09-19T21:12:32,1287.6,-3065,Europe,alpha,4
2026-09-19T21:12:34,1289.6,-3065,Europe,alpha,4
2026-09-19T21:12:36,1291.6,-3065,Europe,alpha,4
2026-09-19T21:12:38,1293.6,-2745,Europe,alpha,4
2026-09-19T21:12:40,1295.6,-2745,Europe,alpha,4
2026-09-19T21:12:42,1297.6,-2745,Europe,alpha,4
2026-09-19T21:12:44,1299.6,-2745,Europe,alpha,4
2026-09-19T21:12:46,1301.6,-2745,Europe,alpha,4
2026-09-19T21:12:48,1303.6,-2745,Europe,alpha,4
2026-09-19T21:12:50,1305.6,-2745,Europe,alpha,4
2026-09-19T21:12:52,1307.6,-2745,Europe,alpha,4
2026-09-19T21:12:54,1309.6,-2745,Europe,alpha,4
2026-09-19T21:12:56,1311.6,-2745,Europe,alpha,4
2026-09-19T21:12:58,1313.6,-2385,Europe,alpha,4
2026-09-19T21:13:00,1315.6,-2385,Europe,alpha,4
2026-09-19T21:13:02,1317.6,-2385,Europe,alpha,4
2026-09-19T21:13:04,1319.6,-2385,Europe,alpha,4
2026-09-19T21:13:06,1321.6,-2385,Europe,alpha,4
2026-09-19T21:13:08,1323.6,-2385,Europe,alpha,4
2026-09-19T21:13:10,1325.6,-2385,Europe,alpha,4
2026-09-19T21:13:12,1327.6,-2385,Europe,alpha,4
2026-09-19T21:13:14,1329.6,-2385,Europe,alpha,4
2026-09-19T21:13:16,1331.6,-2385,Europe,alpha,4
2026-09-19T21:13:18,1333.6,-2385,Europe,alpha,4
2026-09-19T21:13:20,1335.6,-2385,Europe,alpha,4
2026-09-19T21:13:22,1337.6,-2385,Europe,alpha,4
2026-09-19T21:13:24,1339.6,-1985,Europe,alpha,4
2026-09-19T21:13:26,1341.6,-1985,Europe,alpha,4
2026-09-19T21:13:28,1343.6,-1985,Europe,alpha,4
2026-09-19T21:13:30,1345.6,-1985,Europe,alpha,4
2026-09-19T21:13:32,1347.6,-1985,Europe,alpha,4
2026-09-19T21:13:34,1349.6,-1985,Europe,alpha,4
2026-09-19T21:13:36,1351.6,-1985,Europe,alpha,4
2026-09-19T21:13:38,1353.6,-1985,Europe,alpha,4
2026-09-19T21:13:40,1355.6,-1985,Europe,alpha,4
2026-09-19T21:13:42,1357.6,-1985,Europe,alpha,4
2026-09-19T21:13:44,1359.6,-1985,Europe,alpha,4
2026-09-19T21:13:46,1361.7,-1985,Europe,alpha,5
2026-09-19T21:13:48,1363.7,-1985,Europe,alpha,5
2026-09-19T21:13:50,1365.7,-1985,Europe,alpha,5
2026-09-19T21:13:52,1367.7,-1985,Europe,alpha,5
2026-09-19T21:13:54,1369.7,-1985,Europe,alpha,5
2026-09-19T21:13:56,1371.7,-1985,Europe,alpha,5
2026-09-19T21:13:58,1373.7,-1985,Europe,alpha,5
2026-09-19T21:14:00,1375.7,-1985,Europe,alpha,5
2026-09-19T21:14:02,1377.7,-1985,Europe,alpha,5
2026-09-19T21:14:04,1379.7,-1544,Europe,alpha,5
2026-09-19T21:14:06,1381.7,-1544,Europe,alpha,5
2026-09-19T21:14:08,1383.7,-1544,Europe,alpha,5
2026-09-19T21:14:10,1385.7,-1544,Europe,alpha,5
2026-09-19T21:14:12,1387.7,-1544,Europe,alpha,5
2026-09-19T21:14:14,1389.7,-1544,Europe,alpha,5
2026-09-19T21:14:16,1391.7,-1544,Europe,alpha,5
2026-09-19T21:14:18,1393.7,-1544,Europe,alpha,5
2026-09-19T21:14:20,1395.7,-1544,Europe,alpha,5
2026-09-19T21:14:22,1397.7,-1544,Europe,alpha,5
2026-09-19T21:14:24,1399.7,-1544,Europe,alpha,5
2026-09-19T21:14:26,1401.7,-1544,Europe,alpha,5
2026-09-19T21:14:28,1403.7,-418,Europe,alpha,5
2026-09-19T21:14:30,1405.7,-418,Europe,alpha,5
2026-09-19T21:14:32,1407.7,-418,Europe,alpha,5
2026-09-19T21:14:34,1409.7,-1058,Europe,alpha,5
2026-09-19T21:14:36,1411.7,-1058,Europe,alpha,5
2026-09-19T21:14:38,1413.7,-1058,Europe,alpha,5
2026-09-19T21:14:40,1415.7,-1058,Europe,alpha,5
2026-09-19T21:14:42,1417.7,-1058,Europe,alpha,5
2026-09-19T21:14:44,1419.7,-1058,Europe,alpha,5
2026-09-19T21:14:46,1421.7,-1058,Europe,alpha,5
2026-09-19T21:14:48,1423.7,-1058,Europe,alpha,5
2026-09-19T21:14:50,1425.7,-1058,Europe,alpha,5
2026-09-19T21:14:52,1427.7,-1058,Europe,alpha,5
2026-09-19T21:14:54,1429.7,-1058,Europe,alpha,5
2026-09-19T21:14:56,1431.7,-1058,Europe,alpha,5
2026-09-19T21:14:58,1433.7,-1058,Europe,alpha,5
2026-09-19T21:15:00,1435.7,-1058,Europe,alpha,5
2026-09-19T21:15:02,1437.7,-1058,Europe,alpha,5
2026-09-19T21:15:04,1439.7,-1058,Europe,alpha,5
2026-09-19T21:15:06,1441.8,-1058,Europe,alpha,5
2026-09-19T21:15:08,1443.8,-1058,Europe,alpha,5
2026-09-19T21:15:10,1445.8,-1058,Europe,alpha,5
2026-09-19T21:15:12,1447.8,-1058,Europe,alpha,5
2026-09-19T21:15:14,1449.8,-1058,Europe,alpha,5
2026-09-19T21:15:16,1451.8,-1058,Europe,alpha,5
2026-09-19T21:15:18,1453.8,-1058,Europe,alpha,5
2026-09-19T21:15:20,1455.8,-1058,Europe,alpha,5
2026-09-19T21:15:22,1457.8,-1058,Europe,alpha,5
2026-09-19T21:15:24,1459.8,-1058,Europe,alpha,5
2026-09-19T21:15:26,1461.8,-1058,Europe,alpha,5
2026-09-19T21:15:28,1463.8,-1058,Europe,alpha,5
2026-09-19T21:15:30,1465.8,-1058,Europe,alpha,5
2026-09-19T21:15:32,1467.8,-1058,Europe,alpha,5
2026-09-19T21:15:34,1469.8,-1058,Europe,alpha,5
2026-09-19T21:15:36,1471.8,-1058,Europe,alpha,5
2026-09-19T21:15:38,1473.8,-1058,Europe,alpha,5
2026-09-19T21:15:40,1475.8,-1058,Europe,alpha,5
2026-09-19T21:15:42,1477.8,-1058,Europe,alpha,5
2026-09-19T21:15:44,1479.8,-1058,Europe,alpha,5
2026-09-19T21:15:46,1481.8,-1058,Europe,alpha,5
2026-09-19T21:15:48,1483.8,-1058,Europe,alpha,5
2026-09-19T21:15:50,1485.8,-1058,Europe,alpha,5
2026-09-19T21:15:52,1487.8,-1058,Europe,alpha,5
2026-09-19T21:15:54,1489.8,-1058,Europe,alpha,5
2026-09-19T21:15:56,1491.8,-1058,Europe,alpha,5
2026-09-19T21:15:58,1493.8,-1058,Europe,alpha,5
2026-09-19T21:16:00,1495.8,-1058,Europe,alpha,5
2026-09-19T21:16:02,1497.8,-1058,Europe,alpha,5
2026-09-19T21:16:04,1499.8,-1058,Europe,alpha,5
2026-09-19T21:16:06,1501.8,-1058,Europe,alpha,5
2026-09-19T21:16:08,1503.8,-1058,Europe,alpha,5
2026-09-19T21:16:10,1505.8,-1058,Europe,alpha,5
2026-09-19T21:16:12,1507.8,-1058,Europe,alpha,5
2026-09-19T21:16:14,1509.8,-1058,Europe,alpha,5
2026-09-19T21:16:16,1511.8,-1058,Europe,alpha,5
2026-09-19T21:16:18,1513.8,-1058,Europe,alpha,5
2026-09-19T21:16:20,1515.8,-1058,Europe,alpha,5
2026-09-19T21:16:22,1517.8,-1058,Europe,alpha,5
2026-09-19T21:16:24,1519.8,-1058,Europe,alpha,5
2026-09-19T21:16:26,1521.8,-1058,Europe,alpha,5
2026-09-19T21:16:28,1523.8,-1058,Europe,alpha,5
2026-09-19T21:16:30,1525.8,-1058,Europe,alpha,5
2026-09-19T21:16:32,1527.9,-1058,Europe,alpha,5
2026-09-19T21:16:34,1529.9,-1058,Europe,alpha,5
2026-09-19T21:16:36,1531.9,-1058,Europe,alpha,5
2026-09-19T21:16:38,1533.9,-1058,Europe,alpha,5
2026-09-19T21:16:40,1535.9,-1058,Europe,alpha,5
2026-09-19T21:16:42,1537.9,-1058,Europe,alpha,5
2026-09-19T21:16:44,1539.9,-1058,Europe,alpha,5
2026-09-19T21:16:46,1541.9,-1058,Europe,alpha,5
2026-09-19T21:16:48,1543.9,-1058,Europe,alpha,5
2026-09-19T21:16:50,1545.9,-1058,Europe,alpha,5
2026-09-19T21:16:52,1547.9,-1058,Europe,alpha,5
2026-09-19T21:16:54,1549.9,-1058,Europe,alpha,5
2026-09-19T21:16:56,1551.9,-1058,Europe,alpha,5
2026-09-19T21:16:58,1553.9,-1058,Europe,alpha,5
2026-09-19T21:17:00,1555.9,-1058,Europe,alpha,5
2026-09-19T21:17:02,1557.9,-1058,Europe,alpha,5
2026-09-19T21:17:04,1559.9,-1058,Europe,alpha,5
2026-09-19T21:17:06,1561.9,-1058,Europe,alpha,5
2026-09-19T21:17:08,1563.9,-1058,Europe,alpha,5
2026-09-19T21:17:10,1565.9,-1058,Europe,alpha,5
2026-09-19T21:17:12,1567.9,-1058,Europe,alpha,5
2026-09-19T21:17:14,1569.9,-1058,Europe,alpha,5
2026-09-19T21:17:16,1571.9,-1058,Europe,alpha,5
2026-09-19T21:17:18,1573.9,-1058,Europe,alpha,5
2026-09-19T21:17:20,1575.9,-1058,Europe,alpha,5
2026-09-19T21:17:22,1577.9,-1058,Europe,alpha,5
2026-09-19T21:17:24,1579.9,-1058,Europe,alpha,5
2026-09-19T21:17:26,1581.9,-1058,Europe,alpha,5
2026-09-19T21:17:28,1583.9,-1058,Europe,alpha,5
2026-09-19T21:17:30,1585.9,-1058,Europe,alpha,5
2026-09-19T21:17:32,1587.9,-1058,Europe,alpha,5
2026-09-19T21:17:34,1589.9,-1233,Europe,alpha,5
2026-09-19T21:17:36,1591.9,-1233,Europe,alpha,5
2026-09-19T21:17:38,1593.9,-1233,Europe,alpha,5
2026-09-19T21:17:40,1595.9,-1233,Europe,alpha,5
2026-09-19T21:17:42,1597.9,-1233,Europe,alpha,5
2026-09-19T21:17:44,1599.9,-1233,Europe,alpha,5
2026-09-19T21:17:46,1601.9,-1233,Europe,alpha,5
2026-09-19T21:17:48,1603.9,-1233,Europe,alpha,5
2026-09-19T21:17:50,1605.9,-1233,Europe,alpha,5
2026-09-19T21:17:52,1607.9,-1233,Europe,alpha,5
2026-09-19T21:17:54,1609.9,-1233,Europe,alpha,5
2026-09-19T21:17:56,1611.9,-1233,Europe,alpha,5
2026-09-19T21:17:58,1614.0,-1233,Europe,alpha,5
2026-09-19T21:18:00,1616.0,-1233,Europe,alpha,5
2026-09-19T21:18:02,1618.0,-1233,Europe,alpha,5
2026-09-19T21:18:04,1620.0,-1233,Europe,alpha,5
2026-09-19T21:18:06,1622.0,-1233,Europe,alpha,5
2026-09-19T21:18:08,1624.0,-1233,Europe,alpha,5
2026-09-19T21:18:10,1626.0,-1233,Europe,alpha,5
2026-09-19T21:18:12,1628.0,-1233,Europe,alpha,5
2026-09-19T21:18:14,1630.0,-1233,Europe,alpha,5
2026-09-19T21:18:16,1632.0,-1233,Europe,alpha,5
2026-09-19T21:18:18,1634.0,-1233,Europe,alpha,5
2026-09-19T21:18:20,1636.0,-1233,Europe,alpha,5
2026-09-19T21:18:22,1638.0,-1233,Europe,alpha,5
2026-09-19T21:18:24,1640.0,-983,Europe,alpha,5
2026-09-19T21:18:26,1642.0,-983,Europe,alpha,5
2026-09-19T21:18:28,1644.0,-983,Europe,alpha,5
2026-09-19T21:18:30,1646.0,-983,Europe,alpha,5
2026-09-19T21:18:32,1648.0,-983,Europe,alpha,5
2026-09-19T21:18:34,1650.0,-983,Europe,alpha,5
2026-09-19T21:18:36,1652.0,-983,Europe,alpha,5
2026-09-19T21:18:38,1654.0,-823,Europe,alpha,5
2026-09-19T21:18:40,1656.0,-823,Europe,alpha,5
2026-09-19T21:18:42,1658.0,-823,Europe,alpha,5
2026-09-19T21:18:44,1660.0,-823,Europe,alpha,5
2026-09-19T21:18:46,1662.0,-823,Europe,alpha,5
2026-09-19T21:18:48,1664.0,-823,Europe,alpha,5
2026-09-19T21:18:50,1666.0,-823,Europe,alpha,5
2026-09-19T21:18:52,1668.0,-823,Europe,alpha,5
2026-09-19T21:18:54,1670.0,-823,Europe,alpha,5
2026-09-19T21:18:56,1672.0,-823,Europe,alpha,5
2026-09-19T21:18:58,1674.0,-663,Europe,alpha,5
2026-09-19T21:19:00,1676.0,-663,Europe,alpha,5
2026-09-19T21:19:02,1678.0,-663,Europe,alpha,5
2026-09-19T21:19:04,1680.0,-663,Europe,alpha,5
2026-09-19T21:19:06,1682.0,-663,Europe,alpha,5
2026-09-19T21:19:08,1684.0,-663,Europe,alpha,5
2026-09-19T21:19:10,1686.0,-663,Europe,alpha,5
2026-09-19T21:19:12,1688.0,-663,Europe,alpha,5
2026-09-19T21:19:14,1690.0,-663,Europe,alpha,5
2026-09-19T21:19:16,1692.0,-663,Europe,alpha,5
2026-09-19T21:19:18,1694.0,-663,Europe,alpha,5
2026-09-19T21:19:20,1696.0,-663,Europe,alpha,5
2026-09-19T21:19:22,1698.1,-663,Europe,alpha,5
2026-09-19T21:19:24,1700.1,-503,Europe,alpha,5
2026-09-19T21:19:26,1702.1,-503,Europe,alpha,5
2026-09-19T21:19:28,1704.1,-503,Europe,alpha,5
2026-09-19T21:19:30,1706.1,-503,Europe,alpha,5
2026-09-19T21:19:32,1708.1,-503,Europe,alpha,5
2026-09-19T21:19:34,1710.1,-503,Europe,alpha,5
2026-09-19T21:19:36,1712.1,-503,Europe,alpha,5
2026-09-19T21:19:38,1714.1,-253,Europe,alpha,5
2026-09-19T21:19:40,1716.1,-253,Europe,alpha,5
2026-09-19T21:19:42,1718.1,-253,Europe,alpha,5
2026-09-19T21:19:44,1720.1,-253,Europe,alpha,5
2026-09-19T21:19:46,1722.1,-253,Europe,alpha,5
2026-09-19T21:19:48,1724.1,-93,Europe,alpha,5
2026-09-19T21:19:50,1726.1,-93,Europe,alpha,5
2026-09-19T21:19:52,1728.1,-93,Europe,alpha,5
2026-09-19T21:19:54,1730.1,-93,Europe,alpha,5
2026-09-19T21:19:56,1732.1,-93,Europe,alpha,5
2026-09-19T21:19:58,1734.1,-93,Europe,alpha,5
2026-09-19T21:20:00,1736.1,-93,Europe,alpha,5
2026-09-19T21:20:02,1738.1,-93,Europe,alpha,5
2026-09-19T21:20:04,1740.1,-93,Europe,alpha,5
2026-09-19T21:20:06,1742.1,-93,Europe,alpha,5
2026-09-19T21:20:08,1744.1,157,Europe,alpha,5
2026-09-19T21:20:10,1746.1,157,Europe,alpha,5
2026-09-19T21:20:12,1748.1,157,Europe,alpha,5
2026-09-19T21:20:14,1750.1,317,Europe,alpha,5
2026-09-19T21:20:16,1752.1,317,Europe,alpha,5
2026-09-19T21:20:18,1754.1,542,Europe,alpha,5
2026-09-19T21:20:20,1756.1,542,Europe,alpha,5
2026-09-19T21:20:22,1758.1,542,Europe,alpha,5
2026-09-19T21:20:24,1760.1,542,Europe,alpha,5
2026-09-19T21:20:26,1762.1,542,Europe,alpha,5
2026-09-19T21:20:28,1764.1,542,Europe,alpha,5
2026-09-19T21:20:30,1766.1,542,Europe,alpha,5
2026-09-19T21:20:32,1768.1,542,Europe,alpha,5
2026-09-19T21:20:34,1770.1,702,Europe,alpha,5
2026-09-19T21:20:36,1772.1,702,Europe,alpha,5
2026-09-19T21:20:38,1774.1,1077,Europe,alpha,5
2026-09-19T21:20:40,1776.1,1077,Europe,alpha,5
2026-09-19T21:20:42,1778.2,1077,Europe,alpha,5
2026-09-19T21:20:44,1780.2,1140,Europe,alpha,5
2026-09-19T21:20:46,1782.2,1140,Europe,alpha,5
2026-09-19T21:20:48,1784.2,1140,Europe,alpha,5
2026-09-19T21:20:50,1786.2,1140,Europe,alpha,5
2026-09-19T21:20:52,1788.2,1140,Europe,alpha,5
2026-09-19T21:20:54,1790.2,1140,Europe,alpha,5
2026-09-19T21:20:56,1792.2,1140,Europe,alpha,5
2026-09-19T21:20:58,1794.2,1300,Europe,alpha,5
2026-09-19T21:21:00,1796.2,1300,Europe,alpha,5
2026-09-19T21:21:02,1798.2,1300,Europe,alpha,5
2026-09-19T21:21:04,1800.2,1300,Europe,alpha,5
2026-09-19T21:21:06,1802.2,1300,Europe,alpha,5
2026-09-19T21:21:08,1804.2,2100,Europe,alpha,5
2026-09-19T21:21:10,1806.2,2100,Europe,alpha,5
2026-09-19T21:21:12,1808.2,2100,Europe,alpha,5
2026-09-19T21:21:14,1810.2,2100,Europe,alpha,5
2026-09-19T21:21:16,1812.2,2100,Europe,alpha,5
2026-09-19T21:21:18,1814.2,2100,Europe,alpha,5
2026-09-19T21:21:20,1816.2,2100,Europe,alpha,5
2026-09-19T21:21:22,1818.2,2100,Europe,alpha,5
2026-09-19T21:21:24,1820.2,2260,Europe,alpha,5
2026-09-19T21:21:26,1822.2,2260,Europe,alpha,5
2026-09-19T21:21:28,1824.2,2260,Europe,alpha,5
2026-09-19T21:21:30,1826.2,2260,Europe,alpha,5
2026-09-19T21:21:32,1828.2,2260,Europe,alpha,5
2026-09-19T21:21:34,1830.2,2260,Europe,alpha,5
2026-09-19T21:21:36,1832.2,2260,Europe,alpha,5
2026-09-19T21:21:38,1834.2,2260,Europe,alpha,5
2026-09-19T21:21:40,1836.2,2260,Europe,alpha,5
2026-09-19T21:21:42,1838.2,2260,Europe,alpha,5
2026-09-19T21:21:44,1840.2,2260,Europe,alpha,5
2026-09-19T21:21:46,1842.2,2260,Europe,alpha,5
2026-09-19T21:21:48,1844.2,2420,Europe,alpha,5
2026-09-19T21:21:50,1846.2,2420,Europe,alpha,5
2026-09-19T21:21:52,1848.2,2420,Europe,alpha,5
2026-09-19T21:21:54,1850.2,2420,Europe,alpha,5
2026-09-19T21:21:56,1852.2,2420,Europe,alpha,5
2026-09-19T21:21:58,1854.2,2420,Europe,alpha,5
2026-09-19T21:22:00,1856.3,2420,Europe,alpha,5
2026-09-19T21:22:02,1858.3,3420,Europe,alpha,5
2026-09-19T21:22:04,1860.3,3420,Europe,alpha,5
2026-09-19T21:22:06,1862.3,3420,Europe,alpha,5
2026-09-19T21:22:08,1864.3,3420,Europe,alpha,5
2026-09-19T21:22:10,1866.3,3420,Europe,alpha,5
2026-09-19T21:22:12,1868.3,3580,Europe,alpha,5
2026-09-19T21:22:14,1870.3,3580,Europe,alpha,5
2026-09-19T21:22:17,1872.3,3580,Europe,alpha,5
2026-09-19T21:22:19,1874.3,3580,Europe,alpha,5
2026-09-19T21:22:21,1876.3,3580,Europe,alpha,5
2026-09-19T21:22:23,1878.3,3580,Europe,alpha,5
2026-09-19T21:22:25,1880.3,3580,Europe,alpha,5
2026-09-19T21:22:27,1882.3,3580,Europe,alpha,5
2026-09-19T21:22:29,1884.3,3580,Europe,alpha,5
2026-09-19T21:22:31,1886.3,3580,Europe,alpha,5
2026-09-19T21:22:33,1888.3,3740,Europe,alpha,5
2026-09-19T21:22:35,1890.3,3740,Europe,alpha,5
2026-09-19T21:22:37,1892.3,3740,Europe,alpha,5
2026-09-19T21:22:39,1894.3,3740,Europe,alpha,5
2026-09-19T21:22:41,1896.3,3740,Europe,alpha,5
2026-09-19T21:22:43,1898.3,5240,Europe,alpha,5
2026-09-19T21:22:45,1900.3,5240,Europe,alpha,5
2026-09-19T21:22:47,1902.3,5240,Europe,alpha,5
2026-09-19T21:22:49,1904.3,5240,Europe,alpha,5
2026-09-19T21:22:51,1906.3,5240,Europe,alpha,5
2026-09-19T21:22:53,1908.3,5240,Europe,alpha,5
2026-09-19T21:22:55,1910.3,5240,Europe,alpha,5
2026-09-19T21:22:57,1912.3,5240,Europe,alpha,5
2026-09-19T21:22:59,1914.3,5240,Europe,alpha,5
2026-09-19T21:23:01,1916.3,5240,Europe,alpha,5
2026-09-19T21:23:03,1918.3,5240,Europe,alpha,5
2026-09-19T21:23:05,1920.3,5240,Europe,alpha,5
2026-09-19T21:23:07,1922.3,5240,Europe,alpha,5
2026-09-19T21:23:09,1924.3,5240,Europe,alpha,5
2026-09-19T21:23:11,1926.3,5240,Europe,alpha,5
2026-09-19T21:23:13,1928.3,5240,Europe,alpha,6
2026-09-19T21:23:15,1930.3,5240,Europe,alpha,6
2026-09-19T21:23:17,1932.4,5240,Europe,alpha,6
2026-09-19T21:23:19,1934.4,5240,Europe,alpha,6
2026-09-19T21:23:21,1936.4,5240,Europe,alpha,6
2026-09-19T21:23:23,1938.4,5240,Europe,alpha,6
2026-09-19T21:23:25,1940.4,5240,Europe,alpha,6
2026-09-19T21:23:27,1942.4,5240,Europe,alpha,6
2026-09-19T21:23:29,1944.4,5240,Europe,alpha,6
2026-09-19T21:23:31,1946.4,5240,Europe,alpha,6
2026-09-19T21:23:33,1948.4,5240,Europe,alpha,6
2026-09-19T21:23:35,1950.4,5240,Europe,alpha,6
2026-09-19T21:23:37,1952.4,5240,Europe,alpha,6
2026-09-19T21:23:39,1954.4,5240,Europe,alpha,6
2026-09-19T21:23:41,1956.4,5240,Europe,alpha,6
2026-09-19T21:23:43,1958.4,5240,Europe,alpha,6
2026-09-19T21:23:45,1960.4,5240,Europe,alpha,6
2026-09-19T21:23:47,1962.4,5240,Europe,alpha,6
2026-09-19T21:23:49,1964.4,5240,Europe,alpha,6
2026-09-19T21:23:51,1966.4,5240,Europe,alpha,6
2026-09-19T21:23:53,1968.4,5240,Europe,alpha,6
2026-09-19T21:23:55,1970.4,5240,Europe,alpha,6
2026-09-19T21:23:57,1972.4,5240,Europe,alpha,6
2026-09-19T21:23:59,1974.4,5240,Europe,alpha,6
2026-09-19T21:24:01,1976.4,5240,Europe,alpha,6
2026-09-19T21:24:03,1978.4,5240,Europe,alpha,6
2026-09-19T21:24:05,1980.4,5240,Europe,alpha,6
2026-09-19T21:24:07,1982.4,5240,Europe,alpha,6
2026-09-19T21:24:09,1984.4,5240,Europe,alpha,6
2026-09-19T21:24:11,1986.4,5240,Europe,alpha,6
2026-09-19T21:24:13,1988.4,5240,Europe,alpha,6
2026-09-19T21:24:15,1990.4,5240,Europe,alpha,6
2026-09-19T21:24:17,1992.4,5240,Europe,alpha,6
2026-09-19T21:24:19,1994.4,5240,Europe,alpha,6
2026-09-19T21:24:21,1996.4,5240,Europe,alpha,6
2026-09-19T21:24:23,1998.4,5240,Europe,alpha,6
2026-09-19T21:24:25,2000.4,5240,Europe,alpha,6
2026-09-19T21:24:27,2002.5,5240,Europe,alpha,6
2026-09-19T21:24:29,2004.5,5240,Europe,alpha,6
2026-09-19T21:24:31,2006.5,5240,Europe,alpha,6
2026-09-19T21:24:33,2008.5,5240,Europe,alpha,6
2026-09-19T21:24:35,2010.5,5240,Europe,alpha,6
2026-09-19T21:24:37,2012.5,5240,Europe,alpha,6
2026-09-19T21:24:39,2014.5,5240,Europe,alpha,6
2026-09-19T21:24:41,2016.5,5240,Europe,alpha,6
2026-09-19T21:24:43,2018.5,5240,Europe,alpha,6
2026-09-19T21:24:45,2020.5,5240,Europe,alpha,6
2026-09-19T21:24:47,2022.5,5240,Europe,alpha,6
2026-09-19T21:24:49,2024.5,1380,Europe,alpha,6
2026-09-19T21:24:51,2026.5,1380,Europe,alpha,6
2026-09-19T21:24:53,2028.5,1380,Europe,alpha,6
2026-09-19T21:24:55,2030.5,1380,Europe,alpha,6
2026-09-19T21:24:57,2032.5,1380,Europe,alpha,6
2026-09-19T21:24:59,2034.5,-20,Europe,alpha,6
2026-09-19T21:25:01,2036.5,-20,Europe,alpha,6
2026-09-19T21:25:03,2038.5,-20,Europe,alpha,6
2026-09-19T21:25:05,2040.5,-20,Europe,alpha,6
2026-09-19T21:25:07,2042.5,-20,Europe,alpha,6
2026-09-19T21:25:09,2044.5,-20,Europe,alpha,6
2026-09-19T21:25:11,2046.5,-20,Europe,alpha,6
2026-09-19T21:25:13,2048.5,-20,Europe,alpha,6
2026-09-19T21:25:15,2050.5,-20,Europe,alpha,6
2026-09-19T21:25:17,2052.5,-20,Europe,alpha,6
2026-09-19T21:25:19,2054.5,-20,Europe,alpha,6
2026-09-19T21:25:21,2056.5,-20,Europe,alpha,6
2026-09-19T21:25:23,2058.5,-20,Europe,alpha,6
2026-09-19T21:25:25,2060.5,-20,Europe,alpha,6
2026-09-19T21:25:27,2062.5,-20,Europe,alpha,6
2026-09-19T21:25:29,2064.5,-20,Europe,alpha,6
2026-09-19T21:25:31,2066.5,-20,Europe,alpha,6
2026-09-19T21:25:33,2068.5,-20,Europe,alpha,6
2026-09-19T21:25:35,2070.5,-20,Europe,alpha,6
2026-09-19T21:25:37,2072.5,-20,Europe,alpha,6
2026-09-19T21:25:39,2074.5,-20,Europe,alpha,6
2026-09-19T21:25:41,2076.5,-20,Europe,alpha,6
2026-09-19T21:25:43,2078.5,-20,Europe,alpha,6
2026-09-19T21:25:45,2080.5,-20,Europe,alpha,6
2026-09-19T21:25:47,2082.5,-20,Europe,alpha,6
2026-09-19T21:25:49,2084.5,-20,Europe,alpha,6
2026-09-19T21:25:51,2086.5,-20,Europe,alpha,6
2026-09-19T21:25:53,2088.6,-20,Europe,alpha,6
2026-09-19T21:25:55,2090.6,-20,Europe,alpha,6
2026-09-19T21:25:57,2092.6,-20,Europe,alpha,6
2026-09-19T21:25:59,2094.6,-20,Europe,alpha,6
2026-09-19T21:26:01,2096.6,-20,Europe,alpha,6
2026-09-19T21:26:03,2098.6,-20,Europe,alpha,6
2026-09-19T21:26:05,2100.6,-20,Europe,alpha,6
2026-09-19T21:26:07,2102.6,-20,Europe,alpha,6
2026-09-19T21:26:09,2104.6,-20,Europe,alpha,6
2026-09-19T21:26:11,2106.6,-20,Europe,alpha,6
2026-09-19T21:26:13,2108.6,-20,Europe,alpha,6
2026-09-19T21:26:15,2110.6,-20,Europe,alpha,6
2026-09-19T21:26:17,2112.6,-20,Europe,alpha,6
2026-09-19T21:26:19,2114.6,-20,Europe,alpha,6
2026-09-19T21:26:21,2116.6,-20,Europe,alpha,6
2026-09-19T21:26:23,2118.6,-20,Europe,alpha,6
2026-09-19T21:26:25,2120.6,-20,Europe,alpha,6
2026-09-19T21:26:27,2122.6,-20,Europe,alpha,6
2026-09-19T21:26:29,2124.6,-20,Europe,alpha,6
2026-09-19T21:26:31,2126.6,-20,Europe,alpha,6
2026-09-19T21:26:33,2128.6,-20,Europe,alpha,6
2026-09-19T21:26:35,2130.6,-20,Europe,alpha,6
2026-09-19T21:26:37,2132.6,-20,Europe,alpha,6
2026-09-19T21:26:39,2134.6,-20,Europe,alpha,6
2026-09-19T21:26:41,2136.6,-20,Europe,alpha,6
2026-09-19T21:26:43,2138.6,-6270,Europe,alpha,6
2026-09-19T21:26:45,2140.6,-6270,Europe,alpha,6
2026-09-19T21:26:47,2142.6,-6270,Europe,alpha,6
2026-09-19T21:26:49,2144.6,-6270,Europe,alpha,6
2026-09-19T21:26:51,2146.6,-6270,Europe,alpha,6
2026-09-19T21:26:53,2148.6,-6270,Europe,alpha,6
2026-09-19T21:26:55,2150.6,-6270,Europe,alpha,6
2026-09-19T21:26:57,2152.6,-6270,Europe,alpha,6
2026-09-19T21:26:59,2154.6,-6270,Europe,alpha,6
2026-09-19T21:27:01,2156.6,-6270,Europe,alpha,6
2026-09-19T21:27:03,2158.6,-6270,Europe,alpha,6
2026-09-19T21:27:05,2160.6,-6270,Europe,alpha,6
2026-09-19T21:27:07,2162.6,-6270,Europe,alpha,6
2026-09-19T21:27:09,2164.6,-6270,Europe,alpha,6
2026-09-19T21:27:11,2166.6,-6270,Europe,alpha,6
2026-09-19T21:27:13,2168.7,-6270,Europe,alpha,6
2026-09-19T21:27:15,2170.7,-6270,Europe,alpha,6
2026-09-19T21:27:17,2172.7,-6270,Europe,alpha,6
2026-09-19T21:27:19,2174.7,-6270,Europe,alpha,6
2026-09-19T21:27:21,2176.7,-6270,Europe,alpha,6
2026-09-19T21:27:23,2178.7,-6270,Europe,alpha,6
2026-09-19T21:27:25,2180.7,-6270,Europe,alpha,6
2026-09-19T21:27:27,2182.7,-6270,Europe,alpha,6
2026-09-19T21:27:29,2184.7,-6270,Europe,alpha,6
2026-09-19T21:27:31,2186.7,-6270,Europe,alpha,6
2026-09-19T21:27:33,2188.7,-6270,Europe,alpha,6
2026-09-19T21:27:35,2190.7,-6270,Europe,alpha,6
2026-09-19T21:27:37,2192.7,-6270,Europe,alpha,6
2026-09-19T21:27:39,2194.7,-6270,Europe,alpha,6
2026-09-19T21:27:41,2196.7,-6270,Europe,alpha,6
2026-09-19T21:27:43,2198.7,-6270,Europe,alpha,6
2026-09-19T21:27:45,2200.7,-6270,Europe,alpha,6
2026-09-19T21:27:47,2202.7,-6270,Europe,alpha,6
2026-09-19T21:27:49,2204.7,-6270,Europe,alpha,6
2026-09-19T21:27:51,2206.7,-6270,Europe,alpha,6
2026-09-19T21:27:53,2208.7,-6270,Europe,alpha,6
2026-09-19T21:27:55,2210.7,-6270,Europe,alpha,6
2026-09-19T21:27:57,2212.7,-6270,Europe,alpha,6
2026-09-19T21:27:59,2214.7,-6270,Europe,alpha,6
2026-09-19T21:28:01,2216.7,-6270,Europe,alpha,6
2026-09-19T21:28:03,2218.7,-6270,Europe,alpha,6
2026-09-19T21:28:05,2220.7,-6270,Europe,alpha,6
2026-09-19T21:28:07,2222.7,-6270,Europe,alpha,6
2026-09-19T21:28:09,2224.7,-6270,Europe,alpha,6
2026-09-19T21:28:11,2226.7,-6270,Europe,alpha,6
2026-09-19T21:28:13,2228.7,-6270,Europe,alpha,6
2026-09-19T21:28:15,2230.7,-6270,Europe,alpha,6
2026-09-19T21:28:17,2232.7,-6270,Europe,alpha,6
2026-09-19T21:28:19,2234.7,-5970,Europe,alpha,6
2026-09-19T21:28:21,2236.7,-5970,Europe,alpha,6
2026-09-19T21:28:23,2238.7,-5820,Europe,alpha,6
2026-09-19T21:28:25,2240.7,-5820,Europe,alpha,6
2026-09-19T21:28:27,2242.7,-5820,Europe,alpha,6
2026-09-19T21:28:29,2244.7,-5570,Europe,alpha,6
2026-09-19T21:28:31,2246.7,-5570,Europe,alpha,6
2026-09-19T21:28:33,2248.7,-4570,Europe,alpha,6
2026-09-19T21:28:35,2250.7,-4570,Europe,alpha,6
2026-09-19T21:28:37,2252.8,-4570,Europe,alpha,6
2026-09-19T21:28:39,2254.8,-4070,Europe,alpha,6
2026-09-19T21:28:41,2256.8,-4070,Europe,alpha,6
2026-09-19T21:28:43,2258.8,-4070,Europe,alpha,6
2026-09-19T21:28:45,2260.8,-4070,Europe,alpha,6
2026-09-19T21:28:47,2262.8,-4070,Europe,alpha,6
2026-09-19T21:28:49,2264.8,-4070,Europe,alpha,6
2026-09-19T21:28:51,2266.8,-4070,Europe,alpha,6
2026-09-19T21:28:53,2268.8,-3320,Europe,alpha,6
2026-09-19T21:28:55,2270.8,-3320,Europe,alpha,6
2026-09-19T21:28:57,2272.8,-3320,Europe,alpha,6
2026-09-19T21:28:59,2274.8,-3320,Europe,alpha,6
2026-09-19T21:29:01,2276.8,-3320,Europe,alpha,6
2026-09-19T21:29:03,2278.8,-3320,Europe,alpha,6
2026-09-19T21:29:05,2280.8,-3320,Europe,alpha,6
2026-09-19T21:29:07,2282.8,-3320,Europe,alpha,6
2026-09-19T21:29:09,2284.8,-3320,Europe,alpha,6
2026-09-19T21:29:11,2286.8,-3320,Europe,alpha,6
2026-09-19T21:29:13,2288.8,-3320,Europe,alpha,6
2026-09-19T21:29:15,2290.8,-3320,Europe,alpha,6
2026-09-19T21:29:17,2292.8,-3320,Europe,alpha,6
2026-09-19T21:29:19,2294.8,-3320,Europe,alpha,6
2026-09-19T21:29:21,2296.8,-3320,Europe,alpha,6
2026-09-19T21:29:23,2298.8,-3320,Europe,alpha,6
2026-09-19T21:29:25,2300.8,-3320,Europe,alpha,6
2026-09-19T21:29:27,2302.8,-3320,Europe,alpha,6
2026-09-19T21:29:29,2304.8,-3320,Europe,alpha,6
2026-09-19T21:29:31,2306.8,-3320,Europe,alpha,6
2026-09-19T21:29:33,2308.8,-3320,Europe,alpha,6
2026-09-19T21:29:35,2310.8,-3320,Europe,alpha,6
2026-09-19T21:29:37,2312.8,-3320,Europe,alpha,6
2026-09-19T21:29:39,2314.8,-3320,Europe,alpha,6
2026-09-19T21:29:41,2316.8,-3320,Europe,alpha,6
2026-09-19T21:29:43,2318.8,-3400,Europe,alpha,6
2026-09-19T21:29:45,2320.8,-3400,Europe,alpha,6
2026-09-19T21:29:47,2322.8,-3400,Europe,alpha,6
2026-09-19T21:29:49,2324.8,-3440,Europe,alpha,6
2026-09-19T21:29:51,2326.8,-3440,Europe,alpha,6
2026-09-19T21:29:53,2328.8,-3445,Europe,alpha,6
2026-09-19T21:29:55,2330.8,-3445,Europe,alpha,6
2026-09-19T21:29:57,2332.8,-3445,Europe,alpha,6
2026-09-19T21:29:59,2334.8,-3445,Europe,alpha,6
2026-09-19T21:30:01,2336.9,-3445,Europe,alpha,6
2026-09-19T21:30:03,2338.9,-3445,Europe,alpha,6
2026-09-19T21:30:05,2340.9,-3445,Europe,alpha,6
2026-09-19T21:30:07,2342.9,-3445,Europe,alpha,6
2026-09-19T21:30:09,2344.9,-3445,Europe,alpha,6
2026-09-19T21:30:11,2346.9,-3445,Europe,alpha,6
2026-09-19T21:30:13,2348.9,-3445,Europe,alpha,6
2026-09-19T21:30:15,2350.9,-3445,Europe,alpha,6
2026-09-19T21:30:17,2352.9,-3445,Europe,alpha,6
2026-09-19T21:30:19,2354.9,-3445,Europe,alpha,6
2026-09-19T21:30:21,2356.9,-3445,Europe,alpha,6
2026-09-19T21:30:23,2358.9,-3445,Europe,alpha,6
2026-09-19T21:30:25,2360.9,-3445,Europe,alpha,6
2026-09-19T21:30:27,2362.9,-3445,Europe,alpha,6
2026-09-19T21:30:29,2364.9,-3445,Europe,alpha,6
2026-09-19T21:30:31,2366.9,-3445,Europe,alpha,6
2026-09-19T21:30:33,2368.9,-3445,Europe,alpha,6
2026-09-19T21:30:35,2370.9,-3445,Europe,alpha,6
2026-09-19T21:30:37,2372.9,-3445,Europe,alpha,6
2026-09-19T21:30:39,2374.9,-3445,Europe,alpha,6
2026-09-19T21:30:41,2376.9,-3445,Europe,alpha,6
2026-09-19T21:30:43,2378.9,-3445,Europe,alpha,6
2026-09-19T21:30:45,2380.9,-3445,Europe,alpha,6
2026-09-19T21:30:47,2382.9,-3445,Europe,alpha,6
2026-09-19T21:30:49,2384.9,-3445,Europe,alpha,6
2026-09-19T21:30:51,2386.9,-3445,Europe,alpha,6
2026-09-19T21:30:53,2388.9,-3445,Europe,alpha,6
2026-09-19T21:30:55,2390.9,-3445,Europe,alpha,6
2026-09-19T21:30:57,2392.9,-3445,Europe,alpha,6
2026-09-19T21:30:59,2394.9,-3445,Europe,alpha,6
2026-09-19T21:31:01,2396.9,-3445,Europe,alpha,6
2026-09-19T21:31:03,2398.9,-3445,Europe,alpha,6
2026-09-19T21:31:05,2400.9,-3445,Europe,alpha,6
2026-09-19T21:31:07,2402.9,-3445,Europe,alpha,6
2026-09-19T21:31:09,2404.9,-3445,Europe,alpha,6
2026-09-19T21:31:11,2406.9,-3445,Europe,alpha,6
2026-09-19T21:31:13,2408.9,-3445,Europe,alpha,6
2026-09-19T21:31:15,2410.9,-3445,Europe,alpha,6
2026-09-19T21:31:17,2412.9,-3445,Europe,alpha,6
2026-09-19T21:31:19,2414.9,-3445,Europe,alpha,6
2026-09-19T21:31:21,2416.9,-3445,Europe,alpha,6
2026-09-19T21:31:23,2418.9,-3445,Europe,alpha,6
2026-09-19T21:31:25,2420.9,-3445,Europe,alpha,6
2026-09-19T21:31:27,2423.0,-3445,Europe,alpha,6
2026-09-19T21:31:29,2425.0,-3445,Europe,alpha,6
2026-09-19T21:31:31,2427.0,-3445,Europe,alpha,6
2026-09-19T21:31:33,2429.0,-3445,Europe,alpha,6
2026-09-19T21:31:35,2431.0,-3445,Europe,alpha,6
2026-09-19T21:31:37,2433.0,-3445,Europe,alpha,6
2026-09-19T21:31:39,2435.0,-3445,Europe,alpha,6
2026-09-19T21:31:41,2437.0,-3445,Europe,alpha,6
2026-09-19T21:31:43,2439.0,-3445,Europe,alpha,6
2026-09-19T21:31:45,2441.0,-3445,Europe,alpha,6
2026-09-19T21:31:47,2443.0,-3445,Europe,alpha,6
2026-09-19T21:31:49,2445.0,-3445,Europe,alpha,6
2026-09-19T21:31:51,2447.0,-3445,Europe,alpha,6
2026-09-19T21:31:53,2449.0,-3445,Europe,alpha,6
2026-09-19T21:31:55,2451.0,-3445,Europe,alpha,6
2026-09-19T21:31:57,2453.0,-3445,Europe,alpha,6
2026-09-19T21:31:59,2455.0,-2745,Europe,alpha,6
2026-09-19T21:32:01,2457.0,-2745,Europe,alpha,6
2026-09-19T21:32:03,2459.0,-2745,Europe,alpha,6
2026-09-19T21:32:05,2461.0,-2745,Europe,alpha,6
2026-09-19T21:32:07,2463.0,-2745,Europe,alpha,6
2026-09-19T21:32:09,2465.0,-2745,Europe,alpha,6
2026-09-19T21:32:11,2467.0,-2745,Europe,alpha,6
2026-09-19T21:32:13,2469.0,-2245,Europe,alpha,6
2026-09-19T21:32:15,2471.0,-2245,Europe,alpha,6
2026-09-19T21:32:17,2473.0,-2245,Europe,alpha,6
2026-09-19T21:32:19,2475.0,-2245,Europe,alpha,6
2026-09-19T21:32:21,2477.0,-2245,Europe,alpha,6
2026-09-19T21:32:23,2479.0,-2245,Europe,alpha,6
2026-09-19T21:32:25,2481.0,-2245,Europe,alpha,6
2026-09-19T21:32:27,2483.0,-2245,Europe,alpha,6
2026-09-19T21:32:29,2485.0,-2245,Europe,alpha,6
2026-09-19T21:32:31,2487.0,-2245,Europe,alpha,6
2026-09-19T21:32:33,2489.0,-2245,Europe,alpha,6
2026-09-19T21:32:35,2491.0,-2245,Europe,alpha,6
2026-09-19T21:32:37,2493.0,-2245,Europe,alpha,6
2026-09-19T21:32:39,2495.0,-2245,Europe,alpha,6
2026-09-19T21:32:41,2497.1,-2245,Europe,alpha,6
2026-09-19T21:32:43,2499.1,-2245,Europe,alpha,6
2026-09-19T21:32:45,2501.1,-2245,Europe,alpha,6
2026-09-19T21:32:47,2503.1,-2245,Europe,alpha,6
2026-09-19T21:32:49,2505.1,-2120,Europe,alpha,6
2026-09-19T21:32:51,2507.1,-2120,Europe,alpha,6
2026-09-19T21:32:53,2509.1,-2020,Europe,alpha,6
2026-09-19T21:32:55,2511.1,-2020,Europe,alpha,6
2026-09-19T21:32:57,2513.1,-2020,Europe,alpha,6
2026-09-19T21:32:59,2515.1,-2020,Europe,alpha,6
2026-09-19T21:33:01,2517.1,-2020,Europe,alpha,6
2026-09-19T21:33:03,2519.1,-2020,Europe,alpha,6
2026-09-19T21:33:05,2521.1,-2020,Europe,alpha,6
2026-09-19T21:33:07,2523.1,-2020,Europe,alpha,6
2026-09-19T21:33:09,2525.1,-2020,Europe,alpha,6
2026-09-19T21:33:11,2527.1,-2020,Europe,alpha,6
2026-09-19T21:33:13,2529.1,-2020,Europe,alpha,6
2026-09-19T21:33:15,2531.1,-2020,Europe,alpha,6
2026-09-19T21:33:17,2533.1,-2020,Europe,alpha,6
2026-09-19T21:33:19,2535.1,-2020,Europe,alpha,6
2026-09-19T21:33:21,2537.1,-2020,Europe,alpha,6
2026-09-19T21:33:23,2539.1,-2020,Europe,alpha,6
2026-09-19T21:33:25,2541.1,-2020,Europe,alpha,6
2026-09-19T21:33:27,2543.1,-2020,Europe,alpha,6
2026-09-19T21:33:29,2545.1,-2020,Europe,alpha,6
2026-09-19T21:33:31,2547.1,-2020,Europe,alpha,6
2026-09-19T21:33:33,2549.1,-2020,Europe,alpha,6
2026-09-19T21:33:35,2551.1,-2020,Europe,alpha,6
2026-09-19T21:33:37,2553.1,-2020,Europe,alpha,6
2026-09-19T21:33:39,2555.1,-2020,Europe,alpha,6
2026-09-19T21:33:41,2557.1,-2020,Europe,alpha,6
2026-09-19T21:33:43,2559.1,-2020,Europe,alpha,6
2026-09-19T21:33:45,2561.1,-2020,Europe,alpha,6
2026-09-19T21:33:47,2563.1,-2020,Europe,alpha,6
2026-09-19T21:33:49,2565.1,-1860,Europe,alpha,6
2026-09-19T21:33:51,2567.1,-1860,Europe,alpha,6
2026-09-19T21:33:53,2569.1,-1797,Europe,alpha,6
2026-09-19T21:33:55,2571.2,-1797,Europe,alpha,6
2026-09-19T21:33:57,2573.2,-1797,Europe,alpha,6
2026-09-19T21:33:59,2575.2,-1797,Europe,alpha,6
2026-09-19T21:34:01,2577.2,-1797,Europe,alpha,6
2026-09-19T21:34:03,2579.2,-1797,Europe,alpha,6
2026-09-19T21:34:05,2581.2,-1797,Europe,alpha,6
2026-09-19T21:34:07,2583.2,-1797,Europe,alpha,6
2026-09-19T21:34:09,2585.2,-1637,Europe,alpha,6
2026-09-19T21:34:11,2587.2,-1637,Europe,alpha,6
2026-09-19T21:34:13,2589.2,-1561,Europe,alpha,6
2026-09-19T21:34:15,2591.2,-1561,Europe,alpha,6
2026-09-19T21:34:17,2593.2,-1561,Europe,alpha,6
2026-09-19T21:34:19,2595.2,-1561,Europe,alpha,6
2026-09-19T21:34:21,2597.2,-1561,Europe,alpha,6
2026-09-19T21:34:23,2599.2,-1561,Europe,alpha,6
2026-09-19T21:34:25,2601.2,-1561,Europe,alpha,6
2026-09-19T21:34:27,2603.2,-1561,Europe,alpha,6
2026-09-19T21:34:29,2605.2,-1561,Europe,alpha,6
2026-09-19T21:34:31,2607.2,-1561,Europe,alpha,6
2026-09-19T21:34:33,2609.2,-1401,Europe,alpha,6
2026-09-19T21:34:35,2611.2,-1401,Europe,alpha,6
2026-09-19T21:34:37,2613.2,-1401,Europe,alpha,6
2026-09-19T21:34:39,2615.2,-401,Europe,alpha,6
2026-09-19T21:34:41,2617.2,-401,Europe,alpha,6
2026-09-19T21:34:43,2619.2,-401,Europe,alpha,6
2026-09-19T21:34:45,2621.2,-401,Europe,alpha,6
2026-09-19T21:34:47,2623.2,-401,Europe,alpha,6
2026-09-19T21:34:49,2625.2,-401,Europe,alpha,6
2026-09-19T21:34:51,2627.2,-401,Europe,alpha,6
2026-09-19T21:34:53,2629.2,-401,Europe,alpha,6
2026-09-19T21:34:55,2631.2,-401,Europe,alpha,6
2026-09-19T21:34:57,2633.2,-401,Europe,alpha,6
2026-09-19T21:34:59,2635.2,-241,Europe,alpha,6
2026-09-19T21:35:01,2637.2,-241,Europe,alpha,6
2026-09-19T21:35:03,2639.2,-241,Europe,alpha,6
2026-09-19T21:35:05,2641.2,-241,Europe,alpha,6
2026-09-19T21:35:07,2643.2,-241,Europe,alpha,6
2026-09-19T21:35:09,2645.2,-241,Europe,alpha,6
2026-09-19T21:35:11,2647.2,-241,Europe,alpha,6
2026-09-19T21:35:13,2649.2,-241,Europe,alpha,6
2026-09-19T21:35:15,2651.2,-241,Europe,alpha,6
2026-09-19T21:35:17,2653.2,-241,Europe,alpha,6
2026-09-19T21:35:19,2655.2,-241,Europe,alpha,6
2026-09-19T21:35:21,2657.3,-241,Europe,alpha,6
2026-09-19T21:35:23,2659.3,-81,Europe,alpha,6
2026-09-19T21:35:25,2661.3,-81,Europe,alpha,6
2026-09-19T21:35:27,2663.3,-81,Europe,alpha,6
2026-09-19T21:35:29,2665.3,-81,Europe,alpha,6
2026-09-19T21:35:31,2667.3,-81,Europe,alpha,6
2026-09-19T21:35:33,2669.3,-81,Europe,alpha,6
2026-09-19T21:35:35,2671.3,-81,Europe,alpha,6
2026-09-19T21:35:38,2673.3,-81,Europe,alpha,6
2026-09-19T21:35:40,2675.3,-81,Europe,alpha,6
2026-09-19T21:35:42,2677.3,-81,Europe,alpha,6
2026-09-19T21:35:44,2679.3,-81,Europe,alpha,6
2026-09-19T21:35:46,2681.3,-81,Europe,alpha,6
2026-09-19T21:35:48,2683.3,-81,Europe,alpha,6
2026-09-19T21:35:50,2685.3,204,Europe,alpha,6
2026-09-19T21:35:52,2687.3,204,Europe,alpha,6
2026-09-19T21:35:54,2689.3,204,Europe,alpha,6
2026-09-19T21:35:56,2691.3,204,Europe,alpha,6
2026-09-19T21:35:58,2693.3,204,Europe,alpha,6
2026-09-19T21:36:00,2695.3,204,Europe,alpha,6
2026-09-19T21:36:02,2697.3,204,Europe,alpha,6
2026-09-19T21:36:04,2699.3,204,Europe,alpha,6
2026-09-19T21:36:06,2701.3,204,Europe,alpha,6
2026-09-19T21:36:08,2703.3,204,Europe,alpha,6
2026-09-19T21:36:10,2705.3,364,Europe,alpha,6
2026-09-19T21:36:12,2707.3,364,Europe,alpha,6
2026-09-19T21:36:14,2709.3,489,Europe,alpha,6
2026-09-19T21:36:16,2711.3,489,Europe,alpha,6
2026-09-19T21:36:18,2713.3,489,Europe,alpha,6
2026-09-19T21:36:20,2715.3,739,Europe,alpha,6
2026-09-19T21:36:22,2717.3,739,Europe,alpha,6
2026-09-19T21:36:24,2719.3,839,Europe,alpha,6
2026-09-19T21:36:26,2721.3,839,Europe,alpha,6
2026-09-19T21:36:28,2723.3,839,Europe,alpha,6
2026-09-19T21:36:30,2725.3,2839,Europe,alpha,6
2026-09-19T21:36:32,2727.3,2839,Europe,alpha,6
2026-09-19T21:36:34,2729.3,3159,Europe,alpha,6
2026-09-19T21:36:36,2731.3,3159,Europe,alpha,6
2026-09-19T21:36:38,2733.4,3159,Europe,alpha,6
2026-09-19T21:36:40,2735.4,3159,Europe,alpha,6
2026-09-19T21:36:42,2737.4,3159,Europe,alpha,6
2026-09-19T21:36:44,2739.4,3359,Europe,alpha,6
2026-09-19T21:36:46,2741.4,3359,Europe,alpha,6
2026-09-19T21:36:48,2743.4,3359,Europe,alpha,6
2026-09-19T21:36:50,2745.4,3359,Europe,alpha,6
2026-09-19T21:36:52,2747.4,3359,Europe,alpha,6
2026-09-19T21:36:54,2749.4,3359,Europe,alpha,6
2026-09-19T21:36:56,2751.4,3359,Europe,alpha,6
2026-09-19T21:36:58,2753.4,3359,Europe,alpha,6
2026-09-19T21:37:00,2755.4,5279,Europe,alpha,6
2026-09-19T21:37:02,2757.4,5279,Europe,alpha,6
2026-09-19T21:37:04,2759.4,5279,Europe,alpha,6
2026-09-19T21:37:06,2761.4,5279,Europe,alpha,6
2026-09-19T21:37:08,2763.4,5279,Europe,alpha,6
2026-09-19T21:37:10,2765.4,6426,Europe,alpha,6
2026-09-19T21:37:12,2767.4,6426,Europe,alpha,6
2026-09-19T21:37:14,2769.4,6426,Europe,alpha,6
2026-09-19T21:37:16,2771.4,6426,Europe,alpha,6
2026-09-19T21:37:18,2773.4,6426,Europe,alpha,6
2026-09-19T21:37:20,2775.4,6426,Europe,alpha,6
2026-09-19T21:37:22,2777.4,6426,Europe,alpha,6
2026-09-19T21:37:24,2779.4,6586,Europe,alpha,6
2026-09-19T21:37:26,2781.4,6586,Europe,alpha,6
2026-09-19T21:37:28,2783.4,6586,Europe,alpha,6
2026-09-19T21:37:30,2785.4,6586,Europe,alpha,6
2026-09-19T21:37:32,2787.4,6586,Europe,alpha,6
2026-09-19T21:37:34,2789.4,6586,Europe,alpha,6
2026-09-19T21:37:36,2791.4,6586,Europe,alpha,6
2026-09-19T21:37:38,2793.4,6586,Europe,alpha,6
2026-09-19T21:37:40,2795.4,6586,Europe,alpha,6
2026-09-19T21:37:42,2797.4,6586,Europe,alpha,6
2026-09-19T21:37:44,2799.4,6586,Europe,alpha,6
2026-09-19T21:37:46,2801.4,6586,Europe,alpha,6
2026-09-19T21:37:48,2803.4,6586,Europe,alpha,6
2026-09-19T21:37:50,2805.4,6746,Europe,alpha,6
2026-09-19T21:37:52,2807.4,6746,Europe,alpha,6
2026-09-19T21:37:54,2809.4,6746,Europe,alpha,6
2026-09-19T21:37:56,2811.5,6746,Europe,alpha,6
2026-09-19T21:37:58,2813.5,6746,Europe,alpha,6
2026-09-19T21:38:00,2815.5,6746,Europe,alpha,6
2026-09-19T21:38:02,2817.5,6746,Europe,alpha,6
2026-09-19T21:38:04,2819.5,6746,Europe,alpha,6
2026-09-19T21:38:06,2821.5,6746,Europe,alpha,6
2026-09-19T21:38:08,2823.5,6746,Europe,alpha,6
2026-09-19T21:38:10,2825.5,6906,Europe,alpha,6
2026-09-19T21:38:12,2827.5,6906,Europe,alpha,6
2026-09-19T21:38:14,2829.5,6906,Europe,alpha,6
2026-09-19T21:38:16,2831.5,6906,Europe,alpha,6
2026-09-19T21:38:18,2833.5,6906,Europe,alpha,6
2026-09-19T21:38:20,2835.5,6969,Europe,alpha,6
2026-09-19T21:38:22,2837.5,6969,Europe,alpha,6
2026-09-19T21:38:24,2839.5,8469,Europe,alpha,6
2026-09-19T21:38:26,2841.5,8469,Europe,alpha,6
2026-09-19T21:38:28,2843.5,8469,Europe,alpha,6
2026-09-19T21:38:30,2845.5,8469,Europe,alpha,6
2026-09-19T21:38:32,2847.5,8469,Europe,alpha,6
2026-09-19T21:38:34,2849.5,8629,Europe,alpha,6
2026-09-19T21:38:36,2851.5,8629,Europe,alpha,6
2026-09-19T21:38:38,2853.5,8629,Europe,alpha,6
2026-09-19T21:38:40,2855.5,8629,Europe,alpha,6
2026-09-19T21:38:42,2857.5,8629,Europe,alpha,6
2026-09-19T21:38:44,2859.5,8629,Europe,alpha,6
2026-09-19T21:38:46,2861.5,8629,Europe,alpha,6
2026-09-19T21:38:48,2863.5,8629,Europe,alpha,6
2026-09-19T21:38:50,2865.5,8629,Europe,alpha,6
2026-09-19T21:38:52,2867.5,8629,Europe,alpha,6
2026-09-19T21:38:54,2869.5,8629,Europe,alpha,6
2026-09-19T21:38:56,2871.5,8629,Europe,alpha,6
2026-09-19T21:38:58,2873.5,8629,Europe,alpha,6
2026-09-19T21:39:00,2875.5,8789,Europe,alpha,6
2026-09-19T21:39:02,2877.5,8789,Europe,alpha,6
2026-09-19T21:39:04,2879.5,8789,Europe,alpha,6
2026-09-19T21:39:06,2881.5,8789,Europe,alpha,6
2026-09-19T21:39:08,2883.5,8789,Europe,alpha,6
2026-09-19T21:39:10,2885.5,8789,Europe,alpha,6
2026-09-19T21:39:12,2887.6,8789,Europe,alpha,6
2026-09-19T21:39:14,2889.6,8789,Europe,alpha,6
2026-09-19T21:39:16,2891.6,8789,Europe,alpha,6
2026-09-19T21:39:18,2893.6,8789,Europe,alpha,6
2026-09-19T21:39:20,2895.6,8789,Europe,alpha,6
2026-09-19T21:39:22,2897.6,8789,Europe,alpha,6
2026-09-19T21:39:24,2899.6,8949,Europe,alpha,6
2026-09-19T21:39:26,2901.6,8949,Europe,alpha,6
2026-09-19T21:39:28,2903.6,8949,Europe,alpha,6
2026-09-19T21:39:30,2905.6,8949,Europe,alpha,6
2026-09-19T21:39:32,2907.6,8949,Europe,alpha,6
2026-09-19T21:39:34,2909.6,8949,Europe,alpha,6
2026-09-19T21:39:36,2911.6,8949,Europe,alpha,6
2026-09-19T21:39:38,2913.6,8949,Europe,alpha,6
2026-09-19T21:39:40,2915.6,8949,Europe,alpha,6
2026-09-19T21:39:42,2917.6,8949,Europe,alpha,6
2026-09-19T21:39:44,2919.6,8949,Europe,alpha,6
2026-09-19T21:39:46,2921.6,8949,Europe,alpha,6
2026-09-19T21:39:48,2923.6,8949,Europe,alpha,6
2026-09-19T21:39:50,2925.6,9109,Europe,alpha,6
2026-09-19T21:39:52,2927.6,9109,Europe,alpha,6
2026-09-19T21:39:54,2929.6,9109,Europe,alpha,6
2026-09-19T21:39:56,2931.6,9109,Europe,alpha,6
2026-09-19T21:39:58,2933.6,9109,Europe,alpha,6
2026-09-19T21:40:00,2935.6,9109,Europe,alpha,6
2026-09-19T21:40:02,2937.6,9109,Europe,alpha,6
2026-09-19T21:40:04,2939.6,9109,Europe,alpha,6
2026-09-19T21:40:06,2941.6,9109,Europe,alpha,6
2026-09-19T21:40:08,2943.6,9109,Europe,alpha,6
2026-09-19T21:40:10,2945.6,9269,Europe,alpha,6
2026-09-19T21:40:12,2947.6,9269,Europe,alpha,6
2026-09-19T21:40:14,2949.6,9269,Europe,alpha,6
2026-09-19T21:40:16,2951.6,9269,Europe,alpha,6
2026-09-19T21:40:18,2953.6,9269,Europe,alpha,6
